[run_training.sh] Project root: /e/project1/cameo/edelkoetter2/work/cameo_cg
[run_training.sh] Script dir:   /e/project1/cameo/edelkoetter2/work/cameo_cg/scripts
[run_training.sh] Config file:  /e/project1/cameo/edelkoetter2/work/cameo_cg/local_work/torque_matching/torque_config_test.yaml
[run_training.sh] Run dir:      /e/project1/cameo/edelkoetter2/work/cameo_cg/local_work/outputs/gb_merged_mirror
Selected ml_model: allegro_cueq_fast -> activated env_cueq
JAX version: 0.4.34
JAX location: /e/software/default/stages/2025/software/jax/0.4.34-gpsfbf-2024a-CUDA-12/lib/python3.12/site-packages/jax
============================================================
Config:       /e/project1/cameo/edelkoetter2/work/cameo_cg/local_work/outputs/gb_merged_mirror/config_runtime_1839413.yaml
Run dir:      /e/project1/cameo/edelkoetter2/work/cameo_cg/local_work/outputs/gb_merged_mirror
Job tag:      1839413
Nodes:        1
GPUs/task:    4
Grad accum:   1 (stack_scan)
============================================================
0: Jax plugin configuration error: Exception when calling jax_plugins.xla_cuda12.initialize()
0: Traceback (most recent call last):
0:   File "/e/software/default/stages/2025/software/jax/0.4.34-gpsfbf-2024a-CUDA-12/lib/python3.12/site-packages/jax/_src/xla_bridge.py", line 607, in discover_pjrt_plugins
0:     plugin_module.initialize()
0:   File "/e/software/default/stages/2025/software/jax/0.4.34-gpsfbf-2024a-CUDA-12/lib/python3.12/site-packages/jax_plugins/xla_cuda12/__init__.py", line 96, in initialize
0:     for _name, _value in cuda_plugin_extension.registrations().items():
0:                          ^^^^^^^^^^^^^^^^^^^^^^^^^^^^^^^^^^^
0: AttributeError: module 'jax_cuda12_plugin.cuda_plugin_extension' has no attribute 'registrations'
0: [Training] [Config] Override CHEMTRAIN_GRAD_ACCUM_STEPS=1 from YAML
0: [Training] [Config] Override CHEMTRAIN_GRAD_ACCUM_MODE=stack_scan from YAML
0: [Training] [Config] Effective neighbor_list_format=dense (from YAML)
0: [Training] [Config] Saved to: /e/project1/cameo/edelkoetter2/work/cameo_cg/local_work/outputs/gb_merged_mirror/exports/ala_2_torque_run_01_config.yaml
0: [Data] N_max: 2
0: [Data] n_species_global: 2
0: [Data] Species: [1 1]
0: [Data] Total frames: 126000
0: [Data] [Preprocessing] Computed box: [60.24455 83.9842  60.13563]
0: [Data] [Preprocessing] R_shift: [26.62395 22.      27.56443]
0: [Data] [DataDebug] Wrote dataset summary: /e/project1/cameo/edelkoetter2/work/cameo_cg/local_work/outputs/gb_merged_mirror/exports/dataset_debug_summary.json
0: [Data] [Split] Shuffled 126000 frames before train/val split (seed=42).
0: [Data] [Split] Training: 113400, Validation: 12600
0: [Data] [BatchProfile] structures=113400 mean_valid_beads=2.0 force_components(total)=680400 fill_ratio(mean/min/max)=1.000/1.000/1.000
0: [Training] [RuntimeConfig] avg_num_neighbors set from sampled training structures: 1.000 (previous config value: 4.0, samples<=32).
0: [Training] [Config] Updated runtime config saved to: /e/project1/cameo/edelkoetter2/work/cameo_cg/local_work/outputs/gb_merged_mirror/exports/ala_2_torque_run_01_config.yaml
0: [Model] Using AllegroModelCuEq (cuEquivariance backend)
0: [Model]   compute_dtype    = float32
0: [Model]   mlp_dtype        = float32
0: [Model]   remat            = level=0, policy=none
0: [Model]   MLP activations  = hidden=silu, output=tanh
0: [Model]   debug logging    = True
0: [Model]   neighbor format = dense (disable_cell_list=True, capacity_multiplier=1.050)
0: [Model]   neighbor extra_capacity = 0
0: [Model] avg_num_neighbors = 1.0 (configured from dataset_sample; initial estimate 0.5)
0: [Model] max_edges = 1 (max_edge_multiplier=1.250)
0: [Model] Detected 2 unique species
0: [Model]   backend         = allegro_cueq_fast_1103
0: [Model] ML backbone: allegro_cueq_fast
0: [Model] Mode: Pure ALLEGRO_CUEQ_FAST (no priors)
0: [Model] Initialized: CombinedModel(mode=PureALLEGRO_CUEQ_FAST, N_max=2)
0: ========== Check O import ==========
0: O: [[[ 0.12303622 -0.39659885 -0.9097096 ]
0:   [-0.31061321  0.85522723 -0.41485637]
0:   [ 0.94253993  0.33361015 -0.01796491]]
0: 
0:  [[-0.15557073 -0.13692138  0.9782895 ]
0:   [ 0.13256644 -0.98428255 -0.11667903]
0:   [ 0.9788891   0.11153651  0.17127675]]]
0: ========== End : Check O import ==========
0: [Training] [TorqueMatching] enabled: gamma=0
0: [Training] [RuntimePolicy] mixed_precision=False compute_dtype=float32 param_dtype=float32 reduce_dtype=float32 buffer_donation=False donate_mode=state_only
0: [Training] [Training] Force loss normalization: valid_components
0: [Model] [layer_0] tp_backend='baseline_mixed' tp_mode='mixed_naive' tp_method='naive' tp_fused_flatten_modes=None tp_batch_strategy='nested_vmap' tp_left_mode='node_agg' tp_left_norm=None
0: [Training] Initialized model with seed=42
0: [Training] Applied NumpyDataLoader patch
0: [Training] 
0: ============================================================
0: [Training] Training Stage: ADABELIEF (300 epochs, starting from 0)
0: [Training] ============================================================
0: ========================================
0: Torque quantity initialized.
0: ========================================
0: [Training] [ScaleShiftDebug] scale=1.0 shift=0.0
0: [UpdateFnShapeSignature] rank=0 step=0 accum_mode=stack_scan microbatch_count=1 leaf0_shape=(512, 2, 3) leaf0_dtype=float32 n_leaves=21 signature_hash=8671047561268744518
0: [Force] Found precomputed forces.
0: [Potential] Found precomputed forces.
0: NCCL version 2.22.3+cuda12.6
0: [Training] [ScaleShiftDebug] scale=1.0001053 shift=-0.00010526212
0: [Training] [GradDebug] ['ml']/['Allegro']/['residual_alpha']                                  norm=0.000e+00 shape=()
0: [Training] [GradDebug] ['ml']/['Allegro']/['varepsilon']                                      norm=9.044e-06 shape=()
0: [Training] [GradDebug] ['ml']/['Allegro/~/allegro_embedding/multi_layer_perceptron/linear_0']/['w'] norm=2.695e-01 shape=(39, 32)
0: [Training] [GradDebug] ['ml']/['Allegro/~/allegro_embedding/multi_layer_perceptron/linear_1']/['w'] norm=2.819e-01 shape=(32, 64)
0: [Training] [GradDebug] ['ml']/['Allegro/~/allegro_embedding/multi_layer_perceptron_1/linear_0']/['w'] norm=3.211e-05 shape=(64, 676)
0: [Training] [GradDebug] ['ml']/['Allegro/~/allegro_embedding/~/embed']/['embeddings']          norm=1.455e-02 shape=(2, 2)
0: [Training] [GradDebug] ['ml']/['Allegro/~/allegro_readout']/['final_linear_weights']          norm=2.053e+00 shape=(64, 1)
0: [Training] [GradDebug] ['ml']/['Allegro/~/allegro_readout']/['output_mlp_0_w']                norm=2.812e-01 shape=(64, 64)
0: [Training] [GradDebug] ['ml']/['Allegro/~/layer_0/multi_layer_perceptron/linear_0']/['w']     norm=4.147e-05 shape=(64, 2)
0: [Training] [GradDebug] ['ml']/['Allegro/~/layer_0/multi_layer_perceptron_1/linear_0']/['w']   norm=2.888e-02 shape=(740, 64)
0: [Training] [GradDebug] ['ml']/['Allegro/~/layer_0/multi_layer_perceptron_1/linear_1']/['w']   norm=2.748e-02 shape=(64, 64)
0: [Training] [GradDebug] ['ml']/['atomic_energy_layer/embed']/['embeddings']                    norm=2.568e+00 shape=(2, 1)
0: [Training] [GradDebug] ['ml']/['atomic_energy_layer/~/scale_shift_layer']/['scale']           norm=2.228e-01 shape=()
0: [Training] [GradDebug] ['ml']/['atomic_energy_layer/~/scale_shift_layer']/['shift']           norm=2.568e+00 shape=()
0: [Force] Found precomputed forces.
0: [Potential] Found precomputed forces.
0: [Epoch 0]:
0: 	Average train loss: 0.47543
0: 	Average val loss: 0.2575749158859253
0: 	Gradient norm: 0.0502922423183918
0: 	Elapsed time = 0.788 min
0: 	Per-target losses:
0: 		F | train loss: 50.1302844604216 | val loss: 55.38901138305664
0: 		T | train loss: 13.345890390387488 | val loss: 13.492108345031738
0: 		U | train loss: 0.475434636301045 | val loss: 0.2575749158859253
0: 
0: [Epoch 1]:
0: 	Average train loss: 0.22387
0: 	Average val loss: 0.20123329758644104
0: 	Gradient norm: 0.0389932245016098
0: 	Elapsed time = 0.132 min
0: 	Per-target losses:
0: 		F | train loss: 57.055146886212796 | val loss: 60.4432258605957
0: 		T | train loss: 13.343125934514525 | val loss: 13.456974983215332
0: 		U | train loss: 0.2238701370911361 | val loss: 0.20123329758644104
0: 
0: [Epoch 2]:
0: 	Average train loss: 0.18418
0: 	Average val loss: 0.17064595222473145
0: 	Gradient norm: 0.04055718332529068
0: 	Elapsed time = 0.130 min
0: 	Per-target losses:
0: 		F | train loss: 61.11731968530163 | val loss: 63.36103057861328
0: 		T | train loss: 13.31775233756363 | val loss: 13.42854118347168
0: 		U | train loss: 0.184178204220884 | val loss: 0.17064595222473145
0: 
0: [Epoch 3]:
0: 	Average train loss: 0.14688
0: 	Average val loss: 0.12558187544345856
0: 	Gradient norm: 0.02087865211069584
0: 	Elapsed time = 0.131 min
0: 	Per-target losses:
0: 		F | train loss: 62.67524065043592 | val loss: 64.49076080322266
0: 		T | train loss: 13.307759043318114 | val loss: 13.435249328613281
0: 		U | train loss: 0.1468783583306619 | val loss: 0.12558187544345856
0: 
0: [Epoch 4]:
0: 	Average train loss: 0.10799
0: 	Average val loss: 0.09354512393474579
0: 	Gradient norm: 0.03440963104367256
0: 	Elapsed time = 0.133 min
0: 	Per-target losses:
0: 		F | train loss: 61.88365111199979 | val loss: 61.37588882446289
0: 		T | train loss: 13.271128973809843 | val loss: 13.424882888793945
0: 		U | train loss: 0.107994166131203 | val loss: 0.09354512393474579
0: 
0: [Epoch 5]:
0: 	Average train loss: 0.08559
0: 	Average val loss: 0.07892487943172455
0: 	Gradient norm: 0.014682971872389317
0: 	Elapsed time = 0.135 min
0: 	Per-target losses:
0: 		F | train loss: 60.32392529448772 | val loss: 61.30325698852539
0: 		T | train loss: 13.268008111289184 | val loss: 13.399856567382812
0: 		U | train loss: 0.08559147963022215 | val loss: 0.07892487943172455
0: 
0: [Epoch 6]:
0: 	Average train loss: 0.07476
0: 	Average val loss: 0.07143068313598633
0: 	Gradient norm: 0.010881742462515831
0: 	Elapsed time = 0.134 min
0: 	Per-target losses:
0: 		F | train loss: 59.019800867969636 | val loss: 59.95534133911133
0: 		T | train loss: 13.24802036630622 | val loss: 13.423476219177246
0: 		U | train loss: 0.07476287717800334 | val loss: 0.07143068313598633
0: 
0: [Epoch 7]:
0: 	Average train loss: 0.06961
0: 	Average val loss: 0.06884223967790604
0: 	Gradient norm: 0.006279519759118557
0: 	Elapsed time = 0.133 min
0: 	Per-target losses:
0: 		F | train loss: 58.2822198306813 | val loss: 60.03900146484375
0: 		T | train loss: 13.253328612487241 | val loss: 13.328426361083984
0: 		U | train loss: 0.06960981276847118 | val loss: 0.06884223967790604
0: 
0: [Epoch 8]:
0: 	Average train loss: 0.06628
0: 	Average val loss: 0.06528354436159134
0: 	Gradient norm: 0.0051376717165112495
0: 	Elapsed time = 0.133 min
0: 	Per-target losses:
0: 		F | train loss: 57.78798449417045 | val loss: 59.0965690612793
0: 		T | train loss: 13.245255293349874 | val loss: 13.460016250610352
0: 		U | train loss: 0.0662844860715564 | val loss: 0.06528354436159134
0: 
0: [Epoch 9]:
0: 	Average train loss: 0.06414
0: 	Average val loss: 0.06362062692642212
0: 	Gradient norm: 0.05230376496911049
0: 	Elapsed time = 0.130 min
0: 	Per-target losses:
0: 		F | train loss: 57.34470020484061 | val loss: 58.66343307495117
0: 		T | train loss: 13.24862648027515 | val loss: 13.44151496887207
0: 		U | train loss: 0.06413794637602918 | val loss: 0.06362062692642212
0: 
0: [Epoch 10]:
0: 	Average train loss: 0.06309
0: 	Average val loss: 0.06155915930867195
0: 	Gradient norm: 0.0024261875078082085
0: 	Elapsed time = 0.132 min
0: 	Per-target losses:
0: 		F | train loss: 57.245811393358046 | val loss: 57.94834899902344
0: 		T | train loss: 13.244522711809944 | val loss: 13.252531051635742
0: 		U | train loss: 0.06308965342818881 | val loss: 0.06155915930867195
0: 
0: [Epoch 11]:
0: 	Average train loss: 0.06169
0: 	Average val loss: 0.06296034157276154
0: 	Gradient norm: 0.021630261093378067
0: 	Elapsed time = 0.135 min
0: 	Per-target losses:
0: 		F | train loss: 56.969100209922274 | val loss: 58.364105224609375
0: 		T | train loss: 13.225821287923269 | val loss: 13.439605712890625
0: 		U | train loss: 0.06169030048391398 | val loss: 0.06296034157276154
0: 
0: [Epoch 12]:
0: 	Average train loss: 0.06076
0: 	Average val loss: 0.06071430444717407
0: 	Gradient norm: 0.015319433994591236
0: 	Elapsed time = 0.134 min
0: 	Per-target losses:
0: 		F | train loss: 56.94248066552624 | val loss: 57.45244216918945
0: 		T | train loss: 13.256615254674022 | val loss: 13.293088912963867
0: 		U | train loss: 0.06076474624319314 | val loss: 0.06071430444717407
0: 
0: [Epoch 13]:
0: 	Average train loss: 0.06020
0: 	Average val loss: 0.06020638346672058
0: 	Gradient norm: 0.006673032883554697
0: 	Elapsed time = 0.133 min
0: 	Per-target losses:
0: 		F | train loss: 56.77821370810945 | val loss: 58.74917221069336
0: 		T | train loss: 13.240631832795984 | val loss: 13.506905555725098
0: 		U | train loss: 0.06019586093757487 | val loss: 0.06020638346672058
0: 
0: [Epoch 14]:
0: 	Average train loss: 0.05985
0: 	Average val loss: 0.061237502843141556
0: 	Gradient norm: 0.01449669897556305
0: 	Elapsed time = 0.133 min
0: 	Per-target losses:
0: 		F | train loss: 56.69655992326693 | val loss: 58.05588150024414
0: 		T | train loss: 13.23712401152736 | val loss: 13.41446304321289
0: 		U | train loss: 0.05985383559608352 | val loss: 0.061237502843141556
0: 
0: [Epoch 15]:
0: 	Average train loss: 0.05910
0: 	Average val loss: 0.059274692088365555
0: 	Gradient norm: 0.0086260586977005
0: 	Elapsed time = 0.134 min
0: 	Per-target losses:
0: 		F | train loss: 56.66462118916922 | val loss: 56.06509780883789
0: 		T | train loss: 13.230694136468534 | val loss: 13.31335735321045
0: 		U | train loss: 0.05909665721169424 | val loss: 0.059274692088365555
0: 
0: [Epoch 16]:
0: 	Average train loss: 0.05903
0: 	Average val loss: 0.05924581363797188
0: 	Gradient norm: 0.007964571937918663
0: 	Elapsed time = 0.136 min
0: 	Per-target losses:
0: 		F | train loss: 56.6814275370464 | val loss: 58.28288269042969
0: 		T | train loss: 13.237436639777137 | val loss: 13.355693817138672
0: 		U | train loss: 0.059027638488630366 | val loss: 0.05924581363797188
0: 
0: [Epoch 17]:
0: 	Average train loss: 0.05841
0: 	Average val loss: 0.060163598507642746
0: 	Gradient norm: 0.03588603436946869
0: 	Elapsed time = 0.136 min
0: 	Per-target losses:
0: 		F | train loss: 56.57816124825456 | val loss: 56.89411163330078
0: 		T | train loss: 13.248013634487515 | val loss: 13.371365547180176
0: 		U | train loss: 0.058406545127409074 | val loss: 0.060163598507642746
0: 
0: [Epoch 18]:
0: 	Average train loss: 0.05844
0: 	Average val loss: 0.05900533124804497
0: 	Gradient norm: 0.005311635788530111
0: 	Elapsed time = 0.136 min
0: 	Per-target losses:
0: 		F | train loss: 56.531817078050985 | val loss: 57.800148010253906
0: 		T | train loss: 13.222530364990234 | val loss: 13.37918472290039
0: 		U | train loss: 0.05843716517630206 | val loss: 0.05900533124804497
0: 
0: [Epoch 19]:
0: 	Average train loss: 0.05778
0: 	Average val loss: 0.05776824802160263
0: 	Gradient norm: 0.025838352739810944
0: 	Elapsed time = 0.134 min
0: 	Per-target losses:
0: 		F | train loss: 56.502522602340214 | val loss: 57.66786193847656
0: 		T | train loss: 13.23462855222538 | val loss: 13.304985046386719
0: 		U | train loss: 0.057784306264705786 | val loss: 0.05776824802160263
0: 
0: [Epoch 20]:
0: 	Average train loss: 0.05753
0: 	Average val loss: 0.058773159980773926
0: 	Gradient norm: 0.0036535407416522503
0: 	Elapsed time = 0.133 min
0: 	Per-target losses:
0: 		F | train loss: 56.54593782726995 | val loss: 58.25813293457031
0: 		T | train loss: 13.250182018021114 | val loss: 13.474745750427246
0: 		U | train loss: 0.05753213475664816 | val loss: 0.058773159980773926
0: 
0: [Epoch 21]:
0: 	Average train loss: 0.05755
0: 	Average val loss: 0.057023052126169205
0: 	Gradient norm: 0.0531446635723114
0: 	Elapsed time = 0.136 min
0: 	Per-target losses:
0: 		F | train loss: 56.44333836827343 | val loss: 57.27755355834961
0: 		T | train loss: 13.23579258724575 | val loss: 13.323513984680176
0: 		U | train loss: 0.05754606059975754 | val loss: 0.057023052126169205
0: 
0: [Epoch 22]:
0: 	Average train loss: 0.05715
0: 	Average val loss: 0.05866658687591553
0: 	Gradient norm: 0.014885732904076576
0: 	Elapsed time = 0.135 min
0: 	Per-target losses:
0: 		F | train loss: 56.526127034183 | val loss: 56.90399932861328
0: 		T | train loss: 13.225490444925576 | val loss: 13.266401290893555
0: 		U | train loss: 0.05714916645199465 | val loss: 0.05866658687591553
0: 
0: [Epoch 23]:
0: 	Average train loss: 0.05706
0: 	Average val loss: 0.05804634094238281
0: 	Gradient norm: 0.1216638833284378
0: 	Elapsed time = 0.132 min
0: 	Per-target losses:
0: 		F | train loss: 56.32258548995488 | val loss: 58.0812873840332
0: 		T | train loss: 13.237585175630734 | val loss: 13.50701904296875
0: 		U | train loss: 0.05705658963363095 | val loss: 0.05804634094238281
0: 
0: [Epoch 24]:
0: 	Average train loss: 0.05666
0: 	Average val loss: 0.055668044835329056
0: 	Gradient norm: 0.007601688615977764
0: 	Elapsed time = 0.133 min
0: 	Per-target losses:
0: 		F | train loss: 56.4828407839952 | val loss: 57.23075866699219
0: 		T | train loss: 13.233539141141451 | val loss: 13.367294311523438
0: 		U | train loss: 0.05665862199542749 | val loss: 0.055668044835329056
0: 
0: [Epoch 25]:
0: 	Average train loss: 0.05685
0: 	Average val loss: 0.0576322041451931
0: 	Gradient norm: 0.0026312244590371847
0: 	Elapsed time = 0.134 min
0: 	Per-target losses:
0: 		F | train loss: 56.355090231917025 | val loss: 57.45288848876953
0: 		T | train loss: 13.22627013625063 | val loss: 13.39637565612793
0: 		U | train loss: 0.056854918430563554 | val loss: 0.0576322041451931
0: 
0: [Epoch 26]:
0: 	Average train loss: 0.05615
0: 	Average val loss: 0.0578477680683136
0: 	Gradient norm: 0.046088673174381256
0: 	Elapsed time = 0.131 min
0: 	Per-target losses:
0: 		F | train loss: 56.33480134161349 | val loss: 57.67955780029297
0: 		T | train loss: 13.231523859015418 | val loss: 13.394253730773926
0: 		U | train loss: 0.05615446544610537 | val loss: 0.0578477680683136
0: 
0: [Epoch 27]:
0: 	Average train loss: 0.05625
0: 	Average val loss: 0.05592372640967369
0: 	Gradient norm: 0.012046580202877522
0: 	Elapsed time = 0.132 min
0: 	Per-target losses:
0: 		F | train loss: 56.362321568829984 | val loss: 58.08770751953125
0: 		T | train loss: 13.242039343890022 | val loss: 13.462787628173828
0: 		U | train loss: 0.05625432136371664 | val loss: 0.05592372640967369
0: 
0: [Epoch 28]:
0: 	Average train loss: 0.05573
0: 	Average val loss: 0.0555635504424572
0: 	Gradient norm: 0.01473538763821125
0: 	Elapsed time = 0.133 min
0: 	Per-target losses:
0: 		F | train loss: 56.33736400690553 | val loss: 56.12850570678711
0: 		T | train loss: 13.235531496246477 | val loss: 13.135296821594238
0: 		U | train loss: 0.055727418377253805 | val loss: 0.0555635504424572
0: 
0: [Epoch 29]:
0: 	Average train loss: 0.05592
0: 	Average val loss: 0.05697374790906906
0: 	Gradient norm: 0.020303355529904366
0: 	Elapsed time = 0.132 min
0: 	Per-target losses:
0: 		F | train loss: 56.34485698717212 | val loss: 57.646549224853516
0: 		T | train loss: 13.223947447349582 | val loss: 13.506486892700195
0: 		U | train loss: 0.05592270215711982 | val loss: 0.05697374790906906
0: 
0: [Epoch 30]:
0: 	Average train loss: 0.05573
0: 	Average val loss: 0.05634809285402298
0: 	Gradient norm: 0.013371335342526436
0: 	Elapsed time = 0.134 min
0: 	Per-target losses:
0: 		F | train loss: 56.24795606449179 | val loss: 57.14122772216797
0: 		T | train loss: 13.239817062654106 | val loss: 13.391958236694336
0: 		U | train loss: 0.05573199750071737 | val loss: 0.05634809285402298
0: 
0: [Epoch 31]:
0: 	Average train loss: 0.05485
0: 	Average val loss: 0.054689064621925354
0: 	Gradient norm: 0.017897164449095726
0: 	Elapsed time = 0.134 min
0: 	Per-target losses:
0: 		F | train loss: 56.30712167386016 | val loss: 56.936378479003906
0: 		T | train loss: 13.226051813876467 | val loss: 13.362177848815918
0: 		U | train loss: 0.054849516886931196 | val loss: 0.054689064621925354
0: 
0: [Epoch 32]:
0: 	Average train loss: 0.05552
0: 	Average val loss: 0.05534990131855011
0: 	Gradient norm: 0.00786247942596674
0: 	Elapsed time = 0.134 min
0: 	Per-target losses:
0: 		F | train loss: 56.130611989293165 | val loss: 56.95967483520508
0: 		T | train loss: 13.2231942388267 | val loss: 13.298094749450684
0: 		U | train loss: 0.05551674377122616 | val loss: 0.05534990131855011
0: 
0: [Epoch 33]:
0: 	Average train loss: 0.05518
0: 	Average val loss: 0.05505702272057533
0: 	Gradient norm: 0.005580345634371042
0: 	Elapsed time = 0.133 min
0: 	Per-target losses:
0: 		F | train loss: 56.32156912341916 | val loss: 57.7180290222168
0: 		T | train loss: 13.242726666894972 | val loss: 13.45825481414795
0: 		U | train loss: 0.05517825915802658 | val loss: 0.05505702272057533
0: 
0: [Epoch 34]:
0: 	Average train loss: 0.05451
0: 	Average val loss: 0.05519447103142738
0: 	Gradient norm: 0.003321846481412649
0: 	Elapsed time = 0.132 min
0: 	Per-target losses:
0: 		F | train loss: 56.071315644553344 | val loss: 57.294612884521484
0: 		T | train loss: 13.226077998925119 | val loss: 13.334938049316406
0: 		U | train loss: 0.05450628273087929 | val loss: 0.05519447103142738
0: 
0: [Epoch 35]:
0: 	Average train loss: 0.05497
0: 	Average val loss: 0.05532955005764961
0: 	Gradient norm: 0.059745676815509796
0: 	Elapsed time = 0.133 min
0: 	Per-target losses:
0: 		F | train loss: 56.18428519408627 | val loss: 57.88888168334961
0: 		T | train loss: 13.20457091266753 | val loss: 13.390706062316895
0: 		U | train loss: 0.05497463861674205 | val loss: 0.05532955005764961
0: 
0: [Epoch 36]:
0: 	Average train loss: 0.05411
0: 	Average val loss: 0.0551593042910099
0: 	Gradient norm: 0.030766770243644714
0: 	Elapsed time = 0.131 min
0: 	Per-target losses:
0: 		F | train loss: 56.143104553222656 | val loss: 57.601375579833984
0: 		T | train loss: 13.253103031831628 | val loss: 13.353750228881836
0: 		U | train loss: 0.0541059159888671 | val loss: 0.0551593042910099
0: 
0: [Epoch 37]:
0: 	Average train loss: 0.05398
0: 	Average val loss: 0.053984127938747406
0: 	Gradient norm: 0.0012247703270986676
0: 	Elapsed time = 0.132 min
0: 	Per-target losses:
0: 		F | train loss: 56.14597405135901 | val loss: 57.29052734375
0: 		T | train loss: 13.225435658277968 | val loss: 13.378365516662598
0: 		U | train loss: 0.053976494633504166 | val loss: 0.053984127938747406
0: 
0: [Epoch 38]:
0: 	Average train loss: 0.05456
0: 	Average val loss: 0.054855745285749435
0: 	Gradient norm: 0.003100447589531541
0: 	Elapsed time = 0.132 min
0: 	Per-target losses:
0: 		F | train loss: 56.10030598014728 | val loss: 57.48625183105469
0: 		T | train loss: 13.227993296282325 | val loss: 13.351634979248047
0: 		U | train loss: 0.054559497659966955 | val loss: 0.054855745285749435
0: 
0: [Epoch 39]:
0: 	Average train loss: 0.05365
0: 	Average val loss: 0.053698521107435226
0: 	Gradient norm: 0.04416405409574509
0: 	Elapsed time = 0.133 min
0: 	Per-target losses:
0: 		F | train loss: 56.054176468654994 | val loss: 56.750579833984375
0: 		T | train loss: 13.220251243038954 | val loss: 13.381573677062988
0: 		U | train loss: 0.05365046472773293 | val loss: 0.053698521107435226
0: 
0: [Epoch 40]:
0: 	Average train loss: 0.05342
0: 	Average val loss: 0.054124124348163605
0: 	Gradient norm: 0.013024350628256798
0: 	Elapsed time = 0.132 min
0: 	Per-target losses:
0: 		F | train loss: 56.18492264553433 | val loss: 57.310943603515625
0: 		T | train loss: 13.242190900431499 | val loss: 13.371108055114746
0: 		U | train loss: 0.053423282365858284 | val loss: 0.054124124348163605
0: 
0: [Epoch 41]:
0: 	Average train loss: 0.05349
0: 	Average val loss: 0.053750209510326385
0: 	Gradient norm: 0.006418474484235048
0: 	Elapsed time = 0.133 min
0: 	Per-target losses:
0: 		F | train loss: 55.988040924072266 | val loss: 56.73356628417969
0: 		T | train loss: 13.22237079068007 | val loss: 13.373068809509277
0: 		U | train loss: 0.05348880039485871 | val loss: 0.053750209510326385
0: 
0: [Epoch 42]:
0: 	Average train loss: 0.05335
0: 	Average val loss: 0.0536811426281929
0: 	Gradient norm: 0.0022887822706252337
0: 	Elapsed time = 0.132 min
0: 	Per-target losses:
0: 		F | train loss: 56.0468090281767 | val loss: 56.729393005371094
0: 		T | train loss: 13.22933023116168 | val loss: 13.345916748046875
0: 		U | train loss: 0.053348112092838025 | val loss: 0.0536811426281929
0: 
0: [Epoch 43]:
0: 	Average train loss: 0.05281
0: 	Average val loss: 0.05301828682422638
0: 	Gradient norm: 0.04461189731955528
0: 	Elapsed time = 0.132 min
0: 	Per-target losses:
0: 		F | train loss: 56.04137455176444 | val loss: 56.69090270996094
0: 		T | train loss: 13.223811637222497 | val loss: 13.38133716583252
0: 		U | train loss: 0.05280887581644015 | val loss: 0.05301828682422638
0: 
0: [Epoch 44]:
0: 	Average train loss: 0.05324
0: 	Average val loss: 0.05422528088092804
0: 	Gradient norm: 0.04114963486790657
0: 	Elapsed time = 0.135 min
0: 	Per-target losses:
0: 		F | train loss: 55.985783261950736 | val loss: 56.7641487121582
0: 		T | train loss: 13.22774309702049 | val loss: 13.376924514770508
0: 		U | train loss: 0.05324424243620618 | val loss: 0.05422528088092804
0: 
0: [Epoch 45]:
0: 	Average train loss: 0.05237
0: 	Average val loss: 0.052134279161691666
0: 	Gradient norm: 0.00939630251377821
0: 	Elapsed time = 0.132 min
0: 	Per-target losses:
0: 		F | train loss: 55.93695244422326 | val loss: 56.981170654296875
0: 		T | train loss: 13.219862739424899 | val loss: 13.36245059967041
0: 		U | train loss: 0.052368479903062544 | val loss: 0.052134279161691666
0: 
0: [Epoch 46]:
0: 	Average train loss: 0.05247
0: 	Average val loss: 0.05352110043168068
0: 	Gradient norm: 0.03690607473254204
0: 	Elapsed time = 0.132 min
0: 	Per-target losses:
0: 		F | train loss: 55.84733440002165 | val loss: 57.901004791259766
0: 		T | train loss: 13.207405055809884 | val loss: 13.408305168151855
0: 		U | train loss: 0.05246963127773272 | val loss: 0.05352110043168068
0: 
0: [Epoch 47]:
0: 	Average train loss: 0.05233
0: 	Average val loss: 0.05322908237576485
0: 	Gradient norm: 0.029382681474089622
0: 	Elapsed time = 0.135 min
0: 	Per-target losses:
0: 		F | train loss: 55.94504659316119 | val loss: 57.3407096862793
0: 		T | train loss: 13.255450158097625 | val loss: 13.354832649230957
0: 		U | train loss: 0.052334563865650836 | val loss: 0.05322908237576485
0: 
0: [Epoch 48]:
0: 	Average train loss: 0.05191
0: 	Average val loss: 0.052011195570230484
0: 	Gradient norm: 0.009696375578641891
0: 	Elapsed time = 0.134 min
0: 	Per-target losses:
0: 		F | train loss: 56.01195684924924 | val loss: 57.23479461669922
0: 		T | train loss: 13.225736233983104 | val loss: 13.430023193359375
0: 		U | train loss: 0.05191216528483106 | val loss: 0.052011195570230484
0: 
0: [Epoch 49]:
0: 	Average train loss: 0.05198
0: 	Average val loss: 0.05115445330739021
0: 	Gradient norm: 0.005285030230879784
0: 	Elapsed time = 0.134 min
0: 	Per-target losses:
0: 		F | train loss: 55.85048404538254 | val loss: 56.85435485839844
0: 		T | train loss: 13.204366235172047 | val loss: 13.30042552947998
0: 		U | train loss: 0.05197618170156738 | val loss: 0.05115445330739021
0: 
0: [Epoch 50]:
0: 	Average train loss: 0.05138
0: 	Average val loss: 0.05446047708392143
0: 	Gradient norm: 0.023334434255957603
0: 	Elapsed time = 0.136 min
0: 	Per-target losses:
0: 		F | train loss: 55.78565129759085 | val loss: 57.41123962402344
0: 		T | train loss: 13.232396760137911 | val loss: 13.344511032104492
0: 		U | train loss: 0.051383600903177694 | val loss: 0.05446047708392143
0: 
0: [Epoch 51]:
0: 	Average train loss: 0.05176
0: 	Average val loss: 0.05003705993294716
0: 	Gradient norm: 0.008403838612139225
0: 	Elapsed time = 0.131 min
0: 	Per-target losses:
0: 		F | train loss: 55.878943913662596 | val loss: 57.042301177978516
0: 		T | train loss: 13.217173485734344 | val loss: 13.394608497619629
0: 		U | train loss: 0.05176298702936367 | val loss: 0.05003705993294716
0: 
0: [Epoch 52]:
0: 	Average train loss: 0.05128
0: 	Average val loss: 0.05079871788620949
0: 	Gradient norm: 0.005037842318415642
0: 	Elapsed time = 0.133 min
0: 	Per-target losses:
0: 		F | train loss: 55.85348049871522 | val loss: 56.946529388427734
0: 		T | train loss: 13.229890210596144 | val loss: 13.355478286743164
0: 		U | train loss: 0.05127917823478647 | val loss: 0.05079871788620949
0: 
0: [Epoch 53]:
0: 	Average train loss: 0.05064
0: 	Average val loss: 0.05304200202226639
0: 	Gradient norm: 0.015023419633507729
0: 	Elapsed time = 0.133 min
0: 	Per-target losses:
0: 		F | train loss: 55.70394933709192 | val loss: 57.07586669921875
0: 		T | train loss: 13.203329884628365 | val loss: 13.398262977600098
0: 		U | train loss: 0.050643532102868566 | val loss: 0.05304200202226639
0: 
0: [Epoch 54]:
0: 	Average train loss: 0.05079
0: 	Average val loss: 0.04935482516884804
0: 	Gradient norm: 0.009824725799262524
0: 	Elapsed time = 0.134 min
0: 	Per-target losses:
0: 		F | train loss: 55.90408647977389 | val loss: 56.299015045166016
0: 		T | train loss: 13.24816567865432 | val loss: 13.180399894714355
0: 		U | train loss: 0.05079237552047854 | val loss: 0.04935482516884804
0: 
0: [Epoch 55]:
0: 	Average train loss: 0.05084
0: 	Average val loss: 0.05100316181778908
0: 	Gradient norm: 0.0068352362141013145
0: 	Elapsed time = 0.132 min
0: 	Per-target losses:
0: 		F | train loss: 55.7121267534489 | val loss: 56.5450553894043
0: 		T | train loss: 13.215701914480908 | val loss: 13.429984092712402
0: 		U | train loss: 0.05084128964405794 | val loss: 0.05100316181778908
0: 
0: [Epoch 56]:
0: 	Average train loss: 0.05018
0: 	Average val loss: 0.05254136398434639
0: 	Gradient norm: 0.025284085422754288
0: 	Elapsed time = 0.133 min
0: 	Per-target losses:
0: 		F | train loss: 55.712281775150906 | val loss: 56.41321563720703
0: 		T | train loss: 13.223628561960625 | val loss: 13.381672859191895
0: 		U | train loss: 0.05018468459065144 | val loss: 0.05254136398434639
0: 
0: [Epoch 57]:
0: 	Average train loss: 0.05004
0: 	Average val loss: 0.04866911843419075
0: 	Gradient norm: 0.006873555947095156
0: 	Elapsed time = 0.133 min
0: 	Per-target losses:
0: 		F | train loss: 55.682090224184066 | val loss: 57.163543701171875
0: 		T | train loss: 13.20047966711122 | val loss: 13.324884414672852
0: 		U | train loss: 0.050043297805128055 | val loss: 0.04866911843419075
0: 
0: [Epoch 58]:
0: 	Average train loss: 0.05051
0: 	Average val loss: 0.0507715605199337
0: 	Gradient norm: 0.00796753540635109
0: 	Elapsed time = 0.133 min
0: 	Per-target losses:
0: 		F | train loss: 55.69518335264733 | val loss: 56.596107482910156
0: 		T | train loss: 13.22468651042265 | val loss: 13.517562866210938
0: 		U | train loss: 0.050511129166745494 | val loss: 0.0507715605199337
0: 
0: [Epoch 59]:
0: 	Average train loss: 0.04962
0: 	Average val loss: 0.051565948873758316
0: 	Gradient norm: 0.02822764217853546
0: 	Elapsed time = 0.133 min
0: 	Per-target losses:
0: 		F | train loss: 55.76141404026774 | val loss: 57.381568908691406
0: 		T | train loss: 13.22864494927868 | val loss: 13.241822242736816
0: 		U | train loss: 0.04962051759275916 | val loss: 0.051565948873758316
0: 
0: [Epoch 60]:
0: 	Average train loss: 0.04945
0: 	Average val loss: 0.04774013161659241
0: 	Gradient norm: 0.0026350889820605516
0: 	Elapsed time = 0.134 min
0: 	Per-target losses:
0: 		F | train loss: 55.52631038130678 | val loss: 56.21059036254883
0: 		T | train loss: 13.212109082424803 | val loss: 13.363224029541016
0: 		U | train loss: 0.049446940776044966 | val loss: 0.04774013161659241
0: 
0: [Epoch 61]:
0: 	Average train loss: 0.04983
0: 	Average val loss: 0.048884645104408264
0: 	Gradient norm: 0.0034056692384183407
0: 	Elapsed time = 0.132 min
0: 	Per-target losses:
0: 		F | train loss: 55.63273437638089 | val loss: 56.810089111328125
0: 		T | train loss: 13.2225094488843 | val loss: 13.40811824798584
0: 		U | train loss: 0.04982524543865773 | val loss: 0.048884645104408264
0: 
0: [Epoch 62]:
0: 	Average train loss: 0.04914
0: 	Average val loss: 0.05010413005948067
0: 	Gradient norm: 0.18235445022583008
0: 	Elapsed time = 0.130 min
0: 	Per-target losses:
0: 		F | train loss: 55.65246286866891 | val loss: 56.747379302978516
0: 		T | train loss: 13.240276500650122 | val loss: 13.323848724365234
0: 		U | train loss: 0.049136239377891314 | val loss: 0.05010413005948067
0: 
0: [Epoch 63]:
0: 	Average train loss: 0.04931
0: 	Average val loss: 0.048897068947553635
0: 	Gradient norm: 0.013543945737183094
0: 	Elapsed time = 0.131 min
0: 	Per-target losses:
0: 		F | train loss: 55.67998245722568 | val loss: 55.667057037353516
0: 		T | train loss: 13.206880858580991 | val loss: 13.336250305175781
0: 		U | train loss: 0.04931452634377717 | val loss: 0.048897068947553635
0: 
0: [Epoch 64]:
0: 	Average train loss: 0.04872
0: 	Average val loss: 0.04930111765861511
0: 	Gradient norm: 0.0066885207779705524
0: 	Elapsed time = 0.131 min
0: 	Per-target losses:
0: 		F | train loss: 55.45368091013636 | val loss: 57.34641647338867
0: 		T | train loss: 13.192752441130073 | val loss: 13.416683197021484
0: 		U | train loss: 0.048716840195170356 | val loss: 0.04930111765861511
0: 
0: [Epoch 65]:
0: 	Average train loss: 0.04861
0: 	Average val loss: 0.04886174947023392
0: 	Gradient norm: 0.08045155555009842
0: 	Elapsed time = 0.134 min
0: 	Per-target losses:
0: 		F | train loss: 55.73092641010543 | val loss: 57.392974853515625
0: 		T | train loss: 13.231027093947743 | val loss: 13.37804889678955
0: 		U | train loss: 0.04861423320967148 | val loss: 0.04886174947023392
0: 
0: [Epoch 66]:
0: 	Average train loss: 0.04891
0: 	Average val loss: 0.04911211505532265
0: 	Gradient norm: 0.00617389427497983
0: 	Elapsed time = 0.132 min
0: 	Per-target losses:
0: 		F | train loss: 55.66511028168967 | val loss: 55.934566497802734
0: 		T | train loss: 13.238511745746319 | val loss: 13.248250961303711
0: 		U | train loss: 0.048908936053649335 | val loss: 0.04911211505532265
0: 
0: [Epoch 67]:
0: 	Average train loss: 0.04856
0: 	Average val loss: 0.04822566732764244
0: 	Gradient norm: 0.0563649907708168
0: 	Elapsed time = 0.134 min
0: 	Per-target losses:
0: 		F | train loss: 55.54178785091072 | val loss: 56.65214157104492
0: 		T | train loss: 13.223316300508664 | val loss: 13.385741233825684
0: 		U | train loss: 0.04855746625842552 | val loss: 0.04822566732764244
0: 
0: [Epoch 68]:
0: 	Average train loss: 0.04816
0: 	Average val loss: 0.047485992312431335
0: 	Gradient norm: 0.016492757946252823
0: 	Elapsed time = 0.133 min
0: 	Per-target losses:
0: 		F | train loss: 55.50931352296026 | val loss: 56.91755294799805
0: 		T | train loss: 13.193493519433483 | val loss: 13.38698673248291
0: 		U | train loss: 0.04815561849438497 | val loss: 0.047485992312431335
0: 
0: [Epoch 69]:
0: 	Average train loss: 0.04768
0: 	Average val loss: 0.04890810698270798
0: 	Gradient norm: 0.0070099132135510445
0: 	Elapsed time = 0.133 min
0: 	Per-target losses:
0: 		F | train loss: 55.495411644154544 | val loss: 56.97378158569336
0: 		T | train loss: 13.215322425462542 | val loss: 13.318708419799805
0: 		U | train loss: 0.04767557036350755 | val loss: 0.04890810698270798
0: 
0: [Epoch 70]:
0: 	Average train loss: 0.04805
0: 	Average val loss: 0.048769570887088776
0: 	Gradient norm: 0.051105160266160965
0: 	Elapsed time = 0.131 min
0: 	Per-target losses:
0: 		F | train loss: 55.447152340573965 | val loss: 56.43706130981445
0: 		T | train loss: 13.221426048969251 | val loss: 13.426802635192871
0: 		U | train loss: 0.04804872510727175 | val loss: 0.048769570887088776
0: 
0: [Epoch 71]:
0: 	Average train loss: 0.04789
0: 	Average val loss: 0.04691228270530701
0: 	Gradient norm: 0.061231326311826706
0: 	Elapsed time = 0.131 min
0: 	Per-target losses:
0: 		F | train loss: 55.548845972950105 | val loss: 55.75860595703125
0: 		T | train loss: 13.225249173954062 | val loss: 13.290792465209961
0: 		U | train loss: 0.04788981029148555 | val loss: 0.04691228270530701
0: 
0: [Epoch 72]:
0: 	Average train loss: 0.04742
0: 	Average val loss: 0.04718860611319542
0: 	Gradient norm: 0.009187022224068642
0: 	Elapsed time = 0.135 min
0: 	Per-target losses:
0: 		F | train loss: 55.51325731579534 | val loss: 56.671958923339844
0: 		T | train loss: 13.227521965406599 | val loss: 13.342374801635742
0: 		U | train loss: 0.047422482501462575 | val loss: 0.04718860611319542
0: 
0: [Epoch 73]:
0: 	Average train loss: 0.04696
0: 	Average val loss: 0.046753156930208206
0: 	Gradient norm: 0.018124395981431007
0: 	Elapsed time = 0.134 min
0: 	Per-target losses:
0: 		F | train loss: 55.41421619259933 | val loss: 56.518558502197266
0: 		T | train loss: 13.194765941050258 | val loss: 13.420083045959473
0: 		U | train loss: 0.04695983763733601 | val loss: 0.046753156930208206
0: 
0: [Epoch 74]:
0: 	Average train loss: 0.04720
0: 	Average val loss: 0.04695392772555351
0: 	Gradient norm: 0.014525501057505608
0: 	Elapsed time = 0.136 min
0: 	Per-target losses:
0: 		F | train loss: 55.34608033124138 | val loss: 56.82802200317383
0: 		T | train loss: 13.204333150009225 | val loss: 13.377551078796387
0: 		U | train loss: 0.04719779968295432 | val loss: 0.04695392772555351
0: 
0: [Epoch 75]:
0: 	Average train loss: 0.04722
0: 	Average val loss: 0.04940730705857277
0: 	Gradient norm: 0.006110549438744783
0: 	Elapsed time = 0.135 min
0: 	Per-target losses:
0: 		F | train loss: 55.52000606761259 | val loss: 57.396976470947266
0: 		T | train loss: 13.224657386676219 | val loss: 13.284801483154297
0: 		U | train loss: 0.0472196320838788 | val loss: 0.04940730705857277
0: 
0: [Epoch 76]:
0: 	Average train loss: 0.04715
0: 	Average val loss: 0.04556421563029289
0: 	Gradient norm: 0.01818326860666275
0: 	Elapsed time = 0.135 min
0: 	Per-target losses:
0: 		F | train loss: 55.419675214258255 | val loss: 56.27040100097656
0: 		T | train loss: 13.21636719941014 | val loss: 13.366670608520508
0: 		U | train loss: 0.0471457860588488 | val loss: 0.04556421563029289
0: 
0: [Epoch 77]:
0: 	Average train loss: 0.04693
0: 	Average val loss: 0.04680262506008148
0: 	Gradient norm: 0.01127883791923523
0: 	Elapsed time = 0.135 min
0: 	Per-target losses:
0: 		F | train loss: 55.44424136407775 | val loss: 56.65061569213867
0: 		T | train loss: 13.212288727048296 | val loss: 13.353924751281738
0: 		U | train loss: 0.046925180789706936 | val loss: 0.04680262506008148
0: 
0: [Epoch 78]:
0: 	Average train loss: 0.04643
0: 	Average val loss: 0.04610031843185425
0: 	Gradient norm: 0.01029540691524744
0: 	Elapsed time = 0.134 min
0: 	Per-target losses:
0: 		F | train loss: 55.32411381993359 | val loss: 56.679901123046875
0: 		T | train loss: 13.22274935191573 | val loss: 13.34453296661377
0: 		U | train loss: 0.046434050670306606 | val loss: 0.04610031843185425
0: 
0: [Epoch 79]:
0: 	Average train loss: 0.04611
0: 	Average val loss: 0.04635656625032425
0: 	Gradient norm: 0.015393211506307125
0: 	Elapsed time = 0.136 min
0: 	Per-target losses:
0: 		F | train loss: 55.45979549010954 | val loss: 56.47440719604492
0: 		T | train loss: 13.190683843862956 | val loss: 13.349440574645996
0: 		U | train loss: 0.046114113957229245 | val loss: 0.04635656625032425
0: 
0: [Epoch 80]:
0: 	Average train loss: 0.04647
0: 	Average val loss: 0.04648217186331749
0: 	Gradient norm: 0.004131862428039312
0: 	Elapsed time = 0.134 min
0: 	Per-target losses:
0: 		F | train loss: 55.38420743640192 | val loss: 56.88259506225586
0: 		T | train loss: 13.23367596535661 | val loss: 13.364509582519531
0: 		U | train loss: 0.046469086890711504 | val loss: 0.04648217186331749
0: 
0: [Epoch 81]:
0: 	Average train loss: 0.04600
0: 	Average val loss: 0.04639802873134613
0: 	Gradient norm: 0.031797751784324646
0: 	Elapsed time = 0.133 min
0: 	Per-target losses:
0: 		F | train loss: 55.39866413789637 | val loss: 56.01430130004883
0: 		T | train loss: 13.194278427918032 | val loss: 13.331507682800293
0: 		U | train loss: 0.04599784235406785 | val loss: 0.04639802873134613
0: 
0: [Epoch 82]:
0: 	Average train loss: 0.04658
0: 	Average val loss: 0.045439813286066055
0: 	Gradient norm: 0.07816559821367264
0: 	Elapsed time = 0.133 min
0: 	Per-target losses:
0: 		F | train loss: 55.41330689650316 | val loss: 56.37898635864258
0: 		T | train loss: 13.22418870969056 | val loss: 13.365350723266602
0: 		U | train loss: 0.0465846287836721 | val loss: 0.045439813286066055
0: 
0: [Epoch 83]:
0: 	Average train loss: 0.04588
0: 	Average val loss: 0.04669090360403061
0: 	Gradient norm: 0.03520962595939636
0: 	Elapsed time = 0.133 min
0: 	Per-target losses:
0: 		F | train loss: 55.25208368776071 | val loss: 56.637840270996094
0: 		T | train loss: 13.199973701891317 | val loss: 13.372326850891113
0: 		U | train loss: 0.04588045014650034 | val loss: 0.04669090360403061
0: 
0: [Epoch 84]:
0: 	Average train loss: 0.04619
0: 	Average val loss: 0.04534481465816498
0: 	Gradient norm: 0.021412156522274017
0: 	Elapsed time = 0.134 min
0: 	Per-target losses:
0: 		F | train loss: 55.36194110024569 | val loss: 56.42182540893555
0: 		T | train loss: 13.223120016210219 | val loss: 13.33639907836914
0: 		U | train loss: 0.04618739873609122 | val loss: 0.04534481465816498
0: 
0: [Epoch 85]:
0: 	Average train loss: 0.04542
0: 	Average val loss: 0.04545677453279495
0: 	Gradient norm: 0.02956189215183258
0: 	Elapsed time = 0.135 min
0: 	Per-target losses:
0: 		F | train loss: 55.283766906185924 | val loss: 55.846256256103516
0: 		T | train loss: 13.194513631622176 | val loss: 13.358180046081543
0: 		U | train loss: 0.04541781064274624 | val loss: 0.04545677453279495
0: 
0: [Epoch 86]:
0: 	Average train loss: 0.04567
0: 	Average val loss: 0.04443979263305664
0: 	Gradient norm: 0.05155127868056297
0: 	Elapsed time = 0.134 min
0: 	Per-target losses:
0: 		F | train loss: 55.28127309531648 | val loss: 56.60157012939453
0: 		T | train loss: 13.216324784637036 | val loss: 13.317825317382812
0: 		U | train loss: 0.045674736143776734 | val loss: 0.04443979263305664
0: 
0: [Epoch 87]:
0: 	Average train loss: 0.04532
0: 	Average val loss: 0.04595934972167015
0: 	Gradient norm: 0.017423314973711967
0: 	Elapsed time = 0.134 min
0: 	Per-target losses:
0: 		F | train loss: 55.45996504563551 | val loss: 57.4285774230957
0: 		T | train loss: 13.21195767260245 | val loss: 13.350666046142578
0: 		U | train loss: 0.04532260034755884 | val loss: 0.04595934972167015
0: 
0: [Epoch 88]:
0: 	Average train loss: 0.04539
0: 	Average val loss: 0.04522329196333885
0: 	Gradient norm: 0.023098619654774666
0: 	Elapsed time = 0.133 min
0: 	Per-target losses:
0: 		F | train loss: 55.27499330960787 | val loss: 55.561519622802734
0: 		T | train loss: 13.218937783219696 | val loss: 13.30251407623291
0: 		U | train loss: 0.04538525666249284 | val loss: 0.04522329196333885
0: 
0: [Epoch 89]:
0: 	Average train loss: 0.04524
0: 	Average val loss: 0.044678304344415665
0: 	Gradient norm: 0.03102446161210537
0: 	Elapsed time = 0.133 min
0: 	Per-target losses:
0: 		F | train loss: 55.39741947640121 | val loss: 56.73879623413086
0: 		T | train loss: 13.206376278562244 | val loss: 13.407658576965332
0: 		U | train loss: 0.04524011927661044 | val loss: 0.044678304344415665
0: 
0: [Epoch 90]:
0: 	Average train loss: 0.04538
0: 	Average val loss: 0.04533730447292328
0: 	Gradient norm: 0.010451831854879856
0: 	Elapsed time = 0.134 min
0: 	Per-target losses:
0: 		F | train loss: 55.274904087118436 | val loss: 57.264869689941406
0: 		T | train loss: 13.18994343011088 | val loss: 13.428135871887207
0: 		U | train loss: 0.045377746645816314 | val loss: 0.04533730447292328
0: 
0: [Epoch 91]:
0: 	Average train loss: 0.04472
0: 	Average val loss: 0.046149786561727524
0: 	Gradient norm: 0.017630891874432564
0: 	Elapsed time = 0.132 min
0: 	Per-target losses:
0: 		F | train loss: 55.145333320306975 | val loss: 56.36063003540039
0: 		T | train loss: 13.222377919503467 | val loss: 13.218260765075684
0: 		U | train loss: 0.0447194038624812 | val loss: 0.046149786561727524
0: 
0: [Epoch 92]:
0: 	Average train loss: 0.04519
0: 	Average val loss: 0.043961431831121445
0: 	Gradient norm: 0.005622276104986668
0: 	Elapsed time = 0.132 min
0: 	Per-target losses:
0: 		F | train loss: 55.42303610063786 | val loss: 56.26445007324219
0: 		T | train loss: 13.21185483544121 | val loss: 13.398859977722168
0: 		U | train loss: 0.04518511083937878 | val loss: 0.043961431831121445
0: 
0: [Epoch 93]:
0: 	Average train loss: 0.04454
0: 	Average val loss: 0.044154055416584015
0: 	Gradient norm: 0.041414231061935425
0: 	Elapsed time = 0.134 min
0: 	Per-target losses:
0: 		F | train loss: 55.221447698670815 | val loss: 56.403743743896484
0: 		T | train loss: 13.209435592409712 | val loss: 13.23108959197998
0: 		U | train loss: 0.044539642018767506 | val loss: 0.044154055416584015
0: 
0: [Epoch 94]:
0: 	Average train loss: 0.04455
0: 	Average val loss: 0.04380787909030914
0: 	Gradient norm: 0.003250472480431199
0: 	Elapsed time = 0.134 min
0: 	Per-target losses:
0: 		F | train loss: 55.33257587139423 | val loss: 56.43739700317383
0: 		T | train loss: 13.2255817042217 | val loss: 13.423157691955566
0: 		U | train loss: 0.0445502932558502 | val loss: 0.04380787909030914
0: 
0: [Epoch 95]:
0: 	Average train loss: 0.04518
0: 	Average val loss: 0.04348723590373993
0: 	Gradient norm: 0.03700903058052063
0: 	Elapsed time = 0.132 min
0: 	Per-target losses:
0: 		F | train loss: 55.150128084070545 | val loss: 56.47907257080078
0: 		T | train loss: 13.152977710395916 | val loss: 13.351139068603516
0: 		U | train loss: 0.04517922627979814 | val loss: 0.04348723590373993
0: 
0: [Epoch 96]:
0: 	Average train loss: 0.04415
0: 	Average val loss: 0.04559120908379555
0: 	Gradient norm: 0.019103726372122765
0: 	Elapsed time = 0.133 min
0: 	Per-target losses:
0: 		F | train loss: 55.376623921804295 | val loss: 56.89664840698242
0: 		T | train loss: 13.263772308556742 | val loss: 13.38932991027832
0: 		U | train loss: 0.04415026232937343 | val loss: 0.04559120908379555
0: 
0: [Epoch 97]:
0: 	Average train loss: 0.04480
0: 	Average val loss: 0.04447348788380623
0: 	Gradient norm: 0.003465480636805296
0: 	Elapsed time = 0.133 min
0: 	Per-target losses:
0: 		F | train loss: 55.17867819324338 | val loss: 56.50616455078125
0: 		T | train loss: 13.188650334043201 | val loss: 13.241164207458496
0: 		U | train loss: 0.04479586816818466 | val loss: 0.04447348788380623
0: 
0: [Epoch 98]:
0: 	Average train loss: 0.04423
0: 	Average val loss: 0.04310912266373634
0: 	Gradient norm: 0.020783904939889908
0: 	Elapsed time = 0.134 min
0: 	Per-target losses:
0: 		F | train loss: 55.34099963779363 | val loss: 55.76780700683594
0: 		T | train loss: 13.192692661716928 | val loss: 13.322503089904785
0: 		U | train loss: 0.04422848396913498 | val loss: 0.04310912266373634
0: 
0: [Epoch 99]:
0: 	Average train loss: 0.04440
0: 	Average val loss: 0.04425850138068199
0: 	Gradient norm: 0.057970333844423294
0: 	Elapsed time = 0.135 min
0: 	Per-target losses:
0: 		F | train loss: 55.20380762367766 | val loss: 56.73045349121094
0: 		T | train loss: 13.225465058201578 | val loss: 13.384991645812988
0: 		U | train loss: 0.04440254832689579 | val loss: 0.04425850138068199
0: 
0: [Epoch 100]:
0: 	Average train loss: 0.04416
0: 	Average val loss: 0.044113319367170334
0: 	Gradient norm: 0.05410182476043701
0: 	Elapsed time = 0.135 min
0: 	Per-target losses:
0: 		F | train loss: 55.16766265938185 | val loss: 55.33944320678711
0: 		T | train loss: 13.195278474108665 | val loss: 13.428460121154785
0: 		U | train loss: 0.04416325182666606 | val loss: 0.044113319367170334
0: 
0: [Epoch 101]:
0: 	Average train loss: 0.04390
0: 	Average val loss: 0.042374927550554276
0: 	Gradient norm: 0.009560215286910534
0: 	Elapsed time = 0.131 min
0: 	Per-target losses:
0: 		F | train loss: 55.12656428479501 | val loss: 56.196231842041016
0: 		T | train loss: 13.183818761040182 | val loss: 13.238844871520996
0: 		U | train loss: 0.04389678828451968 | val loss: 0.042374927550554276
0: 
0: [Epoch 102]:
0: 	Average train loss: 0.04415
0: 	Average val loss: 0.04627272114157677
0: 	Gradient norm: 0.028903357684612274
0: 	Elapsed time = 0.133 min
0: 	Per-target losses:
0: 		F | train loss: 55.28317871784193 | val loss: 56.912445068359375
0: 		T | train loss: 13.20459181151239 | val loss: 13.443358421325684
0: 		U | train loss: 0.04415180283805094 | val loss: 0.04627272114157677
0: 
0: [Epoch 103]:
0: 	Average train loss: 0.04396
0: 	Average val loss: 0.04150810092687607
0: 	Gradient norm: 0.00466702226549387
0: 	Elapsed time = 0.136 min
0: 	Per-target losses:
0: 		F | train loss: 55.31313085771794 | val loss: 56.07038497924805
0: 		T | train loss: 13.241395320288197 | val loss: 13.244943618774414
0: 		U | train loss: 0.04396056691479629 | val loss: 0.04150810092687607
0: 
0: [Epoch 104]:
0: 	Average train loss: 0.04382
0: 	Average val loss: 0.04447822645306587
0: 	Gradient norm: 0.08103884756565094
0: 	Elapsed time = 0.135 min
0: 	Per-target losses:
0: 		F | train loss: 55.2826568465427 | val loss: 56.472232818603516
0: 		T | train loss: 13.203383286074816 | val loss: 13.470393180847168
0: 		U | train loss: 0.04382160944838869 | val loss: 0.04447822645306587
0: 
0: [Epoch 105]:
0: 	Average train loss: 0.04320
0: 	Average val loss: 0.042703814804553986
0: 	Gradient norm: 0.005059090908616781
0: 	Elapsed time = 0.135 min
0: 	Per-target losses:
0: 		F | train loss: 55.1445895061234 | val loss: 56.57414627075195
0: 		T | train loss: 13.202621006857756 | val loss: 13.429192543029785
0: 		U | train loss: 0.04320133415080304 | val loss: 0.042703814804553986
0: 
0: [Epoch 106]:
0: 	Average train loss: 0.04373
0: 	Average val loss: 0.04279591143131256
0: 	Gradient norm: 0.01709579862654209
0: 	Elapsed time = 0.135 min
0: 	Per-target losses:
0: 		F | train loss: 55.23520311726704 | val loss: 55.851192474365234
0: 		T | train loss: 13.18966333466957 | val loss: 13.233683586120605
0: 		U | train loss: 0.04373152505994113 | val loss: 0.04279591143131256
0: 
0: [Epoch 107]:
0: 	Average train loss: 0.04307
0: 	Average val loss: 0.04399484023451805
0: 	Gradient norm: 0.05618658661842346
0: 	Elapsed time = 0.132 min
0: 	Per-target losses:
0: 		F | train loss: 54.96643967434292 | val loss: 55.5570068359375
0: 		T | train loss: 13.18106732864725 | val loss: 13.296342849731445
0: 		U | train loss: 0.043073579045307585 | val loss: 0.04399484023451805
0: 
0: [Epoch 108]:
0: 	Average train loss: 0.04360
0: 	Average val loss: 0.04296576976776123
0: 	Gradient norm: 0.009977130219340324
0: 	Elapsed time = 0.134 min
0: 	Per-target losses:
0: 		F | train loss: 55.37001995587241 | val loss: 57.02175521850586
0: 		T | train loss: 13.248339842886946 | val loss: 13.426949501037598
0: 		U | train loss: 0.04359975192544147 | val loss: 0.04296576976776123
0: 
0: [Epoch 109]:
0: 	Average train loss: 0.04352
0: 	Average val loss: 0.0427875891327858
0: 	Gradient norm: 0.03699326887726784
0: 	Elapsed time = 0.131 min
0: 	Per-target losses:
0: 		F | train loss: 55.28964060787702 | val loss: 55.77653503417969
0: 		T | train loss: 13.207716346326457 | val loss: 13.30724811553955
0: 		U | train loss: 0.04351690376169002 | val loss: 0.0427875891327858
0: 
0: [Epoch 110]:
0: 	Average train loss: 0.04338
0: 	Average val loss: 0.04316294565796852
0: 	Gradient norm: 0.0022274423390626907
0: 	Elapsed time = 0.135 min
0: 	Per-target losses:
0: 		F | train loss: 55.18328997236571 | val loss: 56.594200134277344
0: 		T | train loss: 13.170807985159067 | val loss: 13.289149284362793
0: 		U | train loss: 0.043381084481515494 | val loss: 0.04316294565796852
0: 
0: [Epoch 111]:
0: 	Average train loss: 0.04334
0: 	Average val loss: 0.042171262204647064
0: 	Gradient norm: 0.008145400322973728
0: 	Elapsed time = 0.133 min
0: 	Per-target losses:
0: 		F | train loss: 55.10554588973792 | val loss: 56.11104202270508
0: 		T | train loss: 13.230656067170708 | val loss: 13.385673522949219
0: 		U | train loss: 0.043342951980179255 | val loss: 0.042171262204647064
0: 
0: [Epoch 112]:
0: 	Average train loss: 0.04300
0: 	Average val loss: 0.04306085780262947
0: 	Gradient norm: 0.019555412232875824
0: 	Elapsed time = 0.133 min
0: 	Per-target losses:
0: 		F | train loss: 55.254106582020206 | val loss: 56.02436447143555
0: 		T | train loss: 13.224060869864209 | val loss: 13.366562843322754
0: 		U | train loss: 0.043001098549878436 | val loss: 0.04306085780262947
0: 
0: [Epoch 113]:
0: 	Average train loss: 0.04283
0: 	Average val loss: 0.04407964646816254
0: 	Gradient norm: 0.10936439037322998
0: 	Elapsed time = 0.139 min
0: 	Per-target losses:
0: 		F | train loss: 55.22658431799703 | val loss: 56.5220947265625
0: 		T | train loss: 13.19168663887956 | val loss: 13.259082794189453
0: 		U | train loss: 0.04283295072851138 | val loss: 0.04407964646816254
0: 
0: [Epoch 114]:
0: 	Average train loss: 0.04316
0: 	Average val loss: 0.041343484073877335
0: 	Gradient norm: 0.024481236934661865
0: 	Elapsed time = 0.135 min
0: 	Per-target losses:
0: 		F | train loss: 55.04848492307361 | val loss: 55.922611236572266
0: 		T | train loss: 13.187962074625007 | val loss: 13.313641548156738
0: 		U | train loss: 0.0431643229871314 | val loss: 0.041343484073877335
0: 
0: [Epoch 115]:
0: 	Average train loss: 0.04291
0: 	Average val loss: 0.042953670024871826
0: 	Gradient norm: 0.005514725111424923
0: 	Elapsed time = 0.135 min
0: 	Per-target losses:
0: 		F | train loss: 55.10388152523817 | val loss: 56.49162673950195
0: 		T | train loss: 13.19087632640994 | val loss: 13.420109748840332
0: 		U | train loss: 0.04290674243341474 | val loss: 0.042953670024871826
0: 
0: [Epoch 116]:
0: 	Average train loss: 0.04294
0: 	Average val loss: 0.04320146143436432
0: 	Gradient norm: 0.008545678108930588
0: 	Elapsed time = 0.134 min
0: 	Per-target losses:
0: 		F | train loss: 55.27261205819937 | val loss: 56.41236877441406
0: 		T | train loss: 13.243271931264195 | val loss: 13.33125114440918
0: 		U | train loss: 0.042940664851018204 | val loss: 0.04320146143436432
0: 
0: [Epoch 117]:
0: 	Average train loss: 0.04230
0: 	Average val loss: 0.04194437339901924
0: 	Gradient norm: 0.0310884490609169
0: 	Elapsed time = 0.135 min
0: 	Per-target losses:
0: 		F | train loss: 55.11228157492245 | val loss: 56.09994888305664
0: 		T | train loss: 13.154661860401275 | val loss: 13.31343936920166
0: 		U | train loss: 0.04229693988767954 | val loss: 0.04194437339901924
0: 
0: [Epoch 118]:
0: 	Average train loss: 0.04307
0: 	Average val loss: 0.04158999025821686
0: 	Gradient norm: 0.019080352038145065
0: 	Elapsed time = 0.133 min
0: 	Per-target losses:
0: 		F | train loss: 55.239133705380816 | val loss: 56.25136184692383
0: 		T | train loss: 13.242302333607393 | val loss: 13.373441696166992
0: 		U | train loss: 0.04306587407458152 | val loss: 0.04158999025821686
0: 
0: [Epoch 119]:
0: 	Average train loss: 0.04224
0: 	Average val loss: 0.04231274127960205
0: 	Gradient norm: 0.0072621810249984264
0: 	Elapsed time = 0.134 min
0: 	Per-target losses:
0: 		F | train loss: 55.13463338791515 | val loss: 56.078468322753906
0: 		T | train loss: 13.200736032891598 | val loss: 13.32093620300293
0: 		U | train loss: 0.0422382598818697 | val loss: 0.04231274127960205
0: 
0: [Epoch 120]:
0: 	Average train loss: 0.04289
0: 	Average val loss: 0.04199713468551636
0: 	Gradient norm: 0.008843227289617062
0: 	Elapsed time = 0.135 min
0: 	Per-target losses:
0: 		F | train loss: 55.10036137093246 | val loss: 56.16878890991211
0: 		T | train loss: 13.191970842456387 | val loss: 13.342498779296875
0: 		U | train loss: 0.04288571521774676 | val loss: 0.04199713468551636
0: 
0: [Epoch 121]:
0: 	Average train loss: 0.04250
0: 	Average val loss: 0.04200885072350502
0: 	Gradient norm: 0.05036994814872742
0: 	Elapsed time = 0.132 min
0: 	Per-target losses:
0: 		F | train loss: 55.28623748365031 | val loss: 56.783653259277344
0: 		T | train loss: 13.208341861742115 | val loss: 13.35511302947998
0: 		U | train loss: 0.0425026189299865 | val loss: 0.04200885072350502
0: 
0: [Epoch 122]:
0: 	Average train loss: 0.04224
0: 	Average val loss: 0.04225612431764603
0: 	Gradient norm: 0.04514887183904648
0: 	Elapsed time = 0.129 min
0: 	Per-target losses:
0: 		F | train loss: 54.95562462785125 | val loss: 56.73754119873047
0: 		T | train loss: 13.19802204839784 | val loss: 13.361785888671875
0: 		U | train loss: 0.04223857321081118 | val loss: 0.04225612431764603
0: 
0: [Epoch 123]:
0: 	Average train loss: 0.04297
0: 	Average val loss: 0.042165204882621765
0: 	Gradient norm: 0.13187585771083832
0: 	Elapsed time = 0.130 min
0: 	Per-target losses:
0: 		F | train loss: 55.14288502688861 | val loss: 55.97003173828125
0: 		T | train loss: 13.194250421826117 | val loss: 13.292731285095215
0: 		U | train loss: 0.042972175480283765 | val loss: 0.042165204882621765
0: 
0: [Epoch 124]:
0: 	Average train loss: 0.04198
0: 	Average val loss: 0.041498053818941116
0: 	Gradient norm: 0.0029168480541557074
0: 	Elapsed time = 0.129 min
0: 	Per-target losses:
0: 		F | train loss: 55.20188215091757 | val loss: 56.65269088745117
0: 		T | train loss: 13.24439091488247 | val loss: 13.345939636230469
0: 		U | train loss: 0.041982005843344855 | val loss: 0.041498053818941116
0: 
0: [Epoch 125]:
0: 	Average train loss: 0.04221
0: 	Average val loss: 0.04178585857152939
0: 	Gradient norm: 0.006134131457656622
0: 	Elapsed time = 0.132 min
0: 	Per-target losses:
0: 		F | train loss: 55.02112042526314 | val loss: 56.402957916259766
0: 		T | train loss: 13.15488791573641 | val loss: 13.40298080444336
0: 		U | train loss: 0.04220749286100336 | val loss: 0.04178585857152939
0: 
0: [Epoch 126]:
0: 	Average train loss: 0.04197
0: 	Average val loss: 0.041757602244615555
0: 	Gradient norm: 0.039712660014629364
0: 	Elapsed time = 0.132 min
0: 	Per-target losses:
0: 		F | train loss: 55.18727284427142 | val loss: 56.07383346557617
0: 		T | train loss: 13.207770705762492 | val loss: 13.306554794311523
0: 		U | train loss: 0.041973974454591716 | val loss: 0.041757602244615555
0: 
0: [Epoch 127]:
0: 	Average train loss: 0.04206
0: 	Average val loss: 0.04136540740728378
0: 	Gradient norm: 0.016637712717056274
0: 	Elapsed time = 0.131 min
0: 	Per-target losses:
0: 		F | train loss: 55.0487174987793 | val loss: 55.49323654174805
0: 		T | train loss: 13.19335241447207 | val loss: 13.249441146850586
0: 		U | train loss: 0.042059219261100386 | val loss: 0.04136540740728378
0: 
0: [Epoch 128]:
0: 	Average train loss: 0.04169
0: 	Average val loss: 0.041613973677158356
0: 	Gradient norm: 0.02760009467601776
0: 	Elapsed time = 0.130 min
0: 	Per-target losses:
0: 		F | train loss: 55.15072825159962 | val loss: 56.40330505371094
0: 		T | train loss: 13.214842938729541 | val loss: 13.425200462341309
0: 		U | train loss: 0.04168897684309547 | val loss: 0.041613973677158356
0: 
0: [Epoch 129]:
0: 	Average train loss: 0.04229
0: 	Average val loss: 0.04131682589650154
0: 	Gradient norm: 0.04735821485519409
0: 	Elapsed time = 0.130 min
0: 	Per-target losses:
0: 		F | train loss: 55.0081626926612 | val loss: 55.886383056640625
0: 		T | train loss: 13.200543835152327 | val loss: 13.337016105651855
0: 		U | train loss: 0.042285573976409384 | val loss: 0.04131682589650154
0: 
0: [Epoch 130]:
0: 	Average train loss: 0.04170
0: 	Average val loss: 0.04142731800675392
0: 	Gradient norm: 0.085484579205513
0: 	Elapsed time = 0.131 min
0: 	Per-target losses:
0: 		F | train loss: 55.36746555863463 | val loss: 55.14134216308594
0: 		T | train loss: 13.207126229057485 | val loss: 13.199564933776855
0: 		U | train loss: 0.0417045246287169 | val loss: 0.04142731800675392
0: 
0: [Epoch 131]:
0: 	Average train loss: 0.04188
0: 	Average val loss: 0.041527584195137024
0: 	Gradient norm: 0.03296995162963867
0: 	Elapsed time = 0.133 min
0: 	Per-target losses:
0: 		F | train loss: 54.90554723264945 | val loss: 56.61475372314453
0: 		T | train loss: 13.208646368656762 | val loss: 13.451652526855469
0: 		U | train loss: 0.04187998538036152 | val loss: 0.041527584195137024
0: 
0: [Epoch 132]:
0: 	Average train loss: 0.04202
0: 	Average val loss: 0.04116987809538841
0: 	Gradient norm: 0.015088951215147972
0: 	Elapsed time = 0.132 min
0: 	Per-target losses:
0: 		F | train loss: 55.22912885916179 | val loss: 56.42413330078125
0: 		T | train loss: 13.178236175985898 | val loss: 13.33202075958252
0: 		U | train loss: 0.0420233601645242 | val loss: 0.04116987809538841
0: 
0: [Epoch 133]:
0: 	Average train loss: 0.04163
0: 	Average val loss: 0.04173191264271736
0: 	Gradient norm: 0.03482755646109581
0: 	Elapsed time = 0.136 min
0: 	Per-target losses:
0: 		F | train loss: 55.101768424608046 | val loss: 55.97894287109375
0: 		T | train loss: 13.215285085445077 | val loss: 13.343384742736816
0: 		U | train loss: 0.041626578778433045 | val loss: 0.04173191264271736
0: 
0: [Epoch 134]:
0: 	Average train loss: 0.04205
0: 	Average val loss: 0.04082316905260086
0: 	Gradient norm: 0.11056611686944962
0: 	Elapsed time = 0.134 min
0: 	Per-target losses:
0: 		F | train loss: 55.066678180953495 | val loss: 56.72349548339844
0: 		T | train loss: 13.185477662410133 | val loss: 13.358083724975586
0: 		U | train loss: 0.04204691116323029 | val loss: 0.04082316905260086
0: 
0: [Epoch 135]:
0: 	Average train loss: 0.04177
0: 	Average val loss: 0.04101257771253586
0: 	Gradient norm: 0.05204137787222862
0: 	Elapsed time = 0.135 min
0: 	Per-target losses:
0: 		F | train loss: 55.00353347985453 | val loss: 55.73740005493164
0: 		T | train loss: 13.18694629065052 | val loss: 13.30873966217041
0: 		U | train loss: 0.04177029926447847 | val loss: 0.04101257771253586
0: 
0: [Epoch 136]:
0: 	Average train loss: 0.04135
0: 	Average val loss: 0.040789611637592316
0: 	Gradient norm: 0.016635945066809654
0: 	Elapsed time = 0.135 min
0: 	Per-target losses:
0: 		F | train loss: 55.143586499658646 | val loss: 56.667686462402344
0: 		T | train loss: 13.224241308497088 | val loss: 13.45388412475586
0: 		U | train loss: 0.04135125363877726 | val loss: 0.040789611637592316
0: 
0: [Epoch 137]:
0: 	Average train loss: 0.04156
0: 	Average val loss: 0.04228207468986511
0: 	Gradient norm: 0.03473303094506264
0: 	Elapsed time = 0.135 min
0: 	Per-target losses:
0: 		F | train loss: 55.236673363733075 | val loss: 55.8896598815918
0: 		T | train loss: 13.220156415015863 | val loss: 13.18954849243164
0: 		U | train loss: 0.04156468442864548 | val loss: 0.04228207468986511
0: 
0: [Epoch 138]:
0: 	Average train loss: 0.04161
0: 	Average val loss: 0.04093022644519806
0: 	Gradient norm: 0.024890586733818054
0: 	Elapsed time = 0.135 min
0: 	Per-target losses:
0: 		F | train loss: 54.88916880404788 | val loss: 56.77155303955078
0: 		T | train loss: 13.189256607677063 | val loss: 13.38467025756836
0: 		U | train loss: 0.04161110667014554 | val loss: 0.04093022644519806
0: 
0: [Epoch 139]:
0: 	Average train loss: 0.04205
0: 	Average val loss: 0.04057622328400612
0: 	Gradient norm: 0.006355468649417162
0: 	Elapsed time = 0.136 min
0: 	Per-target losses:
0: 		F | train loss: 55.17744091948772 | val loss: 56.76207733154297
0: 		T | train loss: 13.189594363734733 | val loss: 13.440791130065918
0: 		U | train loss: 0.042048571420605904 | val loss: 0.04057622328400612
0: 
0: [Epoch 140]:
0: 	Average train loss: 0.04122
0: 	Average val loss: 0.04008210077881813
0: 	Gradient norm: 0.09497757256031036
0: 	Elapsed time = 0.134 min
0: 	Per-target losses:
0: 		F | train loss: 54.97773709879741 | val loss: 56.35154724121094
0: 		T | train loss: 13.190438374135288 | val loss: 13.317652702331543
0: 		U | train loss: 0.041221904741153455 | val loss: 0.04008210077881813
0: 
0: [Epoch 141]:
0: 	Average train loss: 0.04114
0: 	Average val loss: 0.04086096212267876
0: 	Gradient norm: 0.05306212231516838
0: 	Elapsed time = 0.133 min
0: 	Per-target losses:
0: 		F | train loss: 55.030365076539745 | val loss: 56.08035659790039
0: 		T | train loss: 13.211978826048147 | val loss: 13.286908149719238
0: 		U | train loss: 0.0411398039953741 | val loss: 0.04086096212267876
0: 
0: [Epoch 142]:
0: 	Average train loss: 0.04155
0: 	Average val loss: 0.04034751281142235
0: 	Gradient norm: 0.02674439735710621
0: 	Elapsed time = 0.132 min
0: 	Per-target losses:
0: 		F | train loss: 55.24613272550419 | val loss: 55.610923767089844
0: 		T | train loss: 13.226278667536256 | val loss: 13.336938858032227
0: 		U | train loss: 0.04154898930020731 | val loss: 0.04034751281142235
0: 
0: [Epoch 143]:
0: 	Average train loss: 0.04129
0: 	Average val loss: 0.0414244681596756
0: 	Gradient norm: 0.014178678393363953
0: 	Elapsed time = 0.130 min
0: 	Per-target losses:
0: 		F | train loss: 54.93356497579031 | val loss: 56.114959716796875
0: 		T | train loss: 13.167802115910733 | val loss: 13.258988380432129
0: 		U | train loss: 0.04129358821830868 | val loss: 0.0414244681596756
0: 
0: [Epoch 144]:
0: 	Average train loss: 0.04142
0: 	Average val loss: 0.042131975293159485
0: 	Gradient norm: 0.07442796975374222
0: 	Elapsed time = 0.130 min
0: 	Per-target losses:
0: 		F | train loss: 55.172933725210335 | val loss: 56.64801025390625
0: 		T | train loss: 13.219177284931165 | val loss: 13.480755805969238
0: 		U | train loss: 0.04141688459801458 | val loss: 0.042131975293159485
0: 
0: [Epoch 145]:
0: 	Average train loss: 0.04117
0: 	Average val loss: 0.039541590958833694
0: 	Gradient norm: 0.032507430762052536
0: 	Elapsed time = 0.131 min
0: 	Per-target losses:
0: 		F | train loss: 55.076148969555334 | val loss: 55.738460540771484
0: 		T | train loss: 13.200777575980485 | val loss: 13.178427696228027
0: 		U | train loss: 0.04117401674120135 | val loss: 0.039541590958833694
0: 
0: [Epoch 146]:
0: 	Average train loss: 0.04128
0: 	Average val loss: 0.04139368236064911
0: 	Gradient norm: 0.0519566610455513
0: 	Elapsed time = 0.135 min
0: 	Per-target losses:
0: 		F | train loss: 54.94630157677836 | val loss: 55.77983474731445
0: 		T | train loss: 13.186744987694926 | val loss: 13.373826026916504
0: 		U | train loss: 0.041281294659184654 | val loss: 0.04139368236064911
0: 
0: [Epoch 147]:
0: 	Average train loss: 0.04100
0: 	Average val loss: 0.040398385375738144
0: 	Gradient norm: 0.022331176325678825
0: 	Elapsed time = 0.137 min
0: 	Per-target losses:
0: 		F | train loss: 55.08030355462122 | val loss: 56.109649658203125
0: 		T | train loss: 13.184565259320703 | val loss: 13.250924110412598
0: 		U | train loss: 0.040998276677066924 | val loss: 0.040398385375738144
0: 
0: [Epoch 148]:
0: 	Average train loss: 0.04135
0: 	Average val loss: 0.04118337854743004
0: 	Gradient norm: 0.01145216915756464
0: 	Elapsed time = 0.135 min
0: 	Per-target losses:
0: 		F | train loss: 55.00840776538417 | val loss: 56.44154739379883
0: 		T | train loss: 13.204914930179648 | val loss: 13.47350788116455
0: 		U | train loss: 0.04134575832989151 | val loss: 0.04118337854743004
0: 
0: [Epoch 149]:
0: 	Average train loss: 0.04125
0: 	Average val loss: 0.04029816389083862
0: 	Gradient norm: 0.00395743316039443
0: 	Elapsed time = 0.134 min
0: 	Per-target losses:
0: 		F | train loss: 55.22618120288417 | val loss: 55.581809997558594
0: 		T | train loss: 13.188897823316479 | val loss: 13.26031494140625
0: 		U | train loss: 0.041245229289407645 | val loss: 0.04029816389083862
0: 
0: [Epoch 150]:
0: 	Average train loss: 0.04075
0: 	Average val loss: 0.040982767939567566
0: 	Gradient norm: 0.02530978061258793
0: 	Elapsed time = 0.133 min
0: 	Per-target losses:
0: 		F | train loss: 54.93176381728228 | val loss: 56.14869689941406
0: 		T | train loss: 13.212547190049115 | val loss: 13.396894454956055
0: 		U | train loss: 0.04075474413406795 | val loss: 0.040982767939567566
0: 
0: [Epoch 151]:
0: 	Average train loss: 0.04100
0: 	Average val loss: 0.03964943811297417
0: 	Gradient norm: 0.0038676371332257986
0: 	Elapsed time = 0.133 min
0: 	Per-target losses:
0: 		F | train loss: 55.057695449207706 | val loss: 55.95513153076172
0: 		T | train loss: 13.184998382810015 | val loss: 13.27526569366455
0: 		U | train loss: 0.040999796553367406 | val loss: 0.03964943811297417
0: 
0: [Epoch 152]:
0: 	Average train loss: 0.04093
0: 	Average val loss: 0.04065123200416565
0: 	Gradient norm: 0.005050788167864084
0: 	Elapsed time = 0.132 min
0: 	Per-target losses:
0: 		F | train loss: 55.12084581193881 | val loss: 56.569358825683594
0: 		T | train loss: 13.224642020005446 | val loss: 13.403475761413574
0: 		U | train loss: 0.04093074065325487 | val loss: 0.04065123200416565
0: 
0: [Epoch 153]:
0: 	Average train loss: 0.04080
0: 	Average val loss: 0.04005219787359238
0: 	Gradient norm: 0.0030950678046792746
0: 	Elapsed time = 0.134 min
0: 	Per-target losses:
0: 		F | train loss: 55.01131415043481 | val loss: 56.69491958618164
0: 		T | train loss: 13.197769993570596 | val loss: 13.315942764282227
0: 		U | train loss: 0.04079921954897194 | val loss: 0.04005219787359238
0: 
0: [Epoch 154]:
0: 	Average train loss: 0.04108
0: 	Average val loss: 0.04043871536850929
0: 	Gradient norm: 0.03124193102121353
0: 	Elapsed time = 0.132 min
0: 	Per-target losses:
0: 		F | train loss: 55.0415825649624 | val loss: 56.426170349121094
0: 		T | train loss: 13.193603752964762 | val loss: 13.326713562011719
0: 		U | train loss: 0.04108341244719417 | val loss: 0.04043871536850929
0: 
0: [Epoch 155]:
0: 	Average train loss: 0.04055
0: 	Average val loss: 0.03990938887000084
0: 	Gradient norm: 0.005045147612690926
0: 	Elapsed time = 0.132 min
0: 	Per-target losses:
0: 		F | train loss: 55.094778984380525 | val loss: 56.11408233642578
0: 		T | train loss: 13.218424020309794 | val loss: 13.386008262634277
0: 		U | train loss: 0.04054823831330597 | val loss: 0.03990938887000084
0: 
0: [Epoch 156]:
0: 	Average train loss: 0.04090
0: 	Average val loss: 0.040766648948192596
0: 	Gradient norm: 0.06037052720785141
0: 	Elapsed time = 0.133 min
0: 	Per-target losses:
0: 		F | train loss: 54.95546663724459 | val loss: 55.308082580566406
0: 		T | train loss: 13.179159211896664 | val loss: 13.26264476776123
0: 		U | train loss: 0.0409018092565407 | val loss: 0.040766648948192596
0: 
0: [Epoch 157]:
0: 	Average train loss: 0.04050
0: 	Average val loss: 0.03961153328418732
0: 	Gradient norm: 0.02825428545475006
0: 	Elapsed time = 0.132 min
0: 	Per-target losses:
0: 		F | train loss: 55.07054989154522 | val loss: 56.20328903198242
0: 		T | train loss: 13.18660739536199 | val loss: 13.342190742492676
0: 		U | train loss: 0.04049971950876767 | val loss: 0.03961153328418732
0: 
0: [Epoch 158]:
0: 	Average train loss: 0.04100
0: 	Average val loss: 0.040366362780332565
0: 	Gradient norm: 0.05373130366206169
0: 	Elapsed time = 0.132 min
0: 	Per-target losses:
0: 		F | train loss: 55.0553478051095 | val loss: 56.16303634643555
0: 		T | train loss: 13.207149803368754 | val loss: 13.364814758300781
0: 		U | train loss: 0.04099963574219343 | val loss: 0.040366362780332565
0: 
0: [Epoch 159]:
0: 	Average train loss: 0.04074
0: 	Average val loss: 0.040939684957265854
0: 	Gradient norm: 0.2147599756717682
0: 	Elapsed time = 0.128 min
0: 	Per-target losses:
0: 		F | train loss: 55.146854935728044 | val loss: 56.01580047607422
0: 		T | train loss: 13.202310786527747 | val loss: 13.305302619934082
0: 		U | train loss: 0.04073976335111516 | val loss: 0.040939684957265854
0: 
0: [Epoch 160]:
0: 	Average train loss: 0.04073
0: 	Average val loss: 0.04019474983215332
0: 	Gradient norm: 0.06690262258052826
0: 	Elapsed time = 0.130 min
0: 	Per-target losses:
0: 		F | train loss: 54.951825500074015 | val loss: 56.67756271362305
0: 		T | train loss: 13.196266441863047 | val loss: 13.354736328125
0: 		U | train loss: 0.04073281168971396 | val loss: 0.04019474983215332
0: 
0: [Epoch 161]:
0: 	Average train loss: 0.04073
0: 	Average val loss: 0.040365736931562424
0: 	Gradient norm: 0.010874082334339619
0: 	Elapsed time = 0.131 min
0: 	Per-target losses:
0: 		F | train loss: 54.880826993225924 | val loss: 56.02957534790039
0: 		T | train loss: 13.182146486653462 | val loss: 13.317276954650879
0: 		U | train loss: 0.04073172491633784 | val loss: 0.040365736931562424
0: 
0: [Epoch 162]:
0: 	Average train loss: 0.04044
0: 	Average val loss: 0.04011576995253563
0: 	Gradient norm: 0.035730406641960144
0: 	Elapsed time = 0.129 min
0: 	Per-target losses:
0: 		F | train loss: 55.10742548256438 | val loss: 56.90104675292969
0: 		T | train loss: 13.219490897062137 | val loss: 13.365900039672852
0: 		U | train loss: 0.04044111770876932 | val loss: 0.04011576995253563
0: 
0: [Epoch 163]:
0: 	Average train loss: 0.04081
0: 	Average val loss: 0.040261365473270416
0: 	Gradient norm: 0.06065275892615318
0: 	Elapsed time = 0.130 min
0: 	Per-target losses:
0: 		F | train loss: 55.019831558158494 | val loss: 55.63377380371094
0: 		T | train loss: 13.166903547571795 | val loss: 13.357945442199707
0: 		U | train loss: 0.04080545807012875 | val loss: 0.040261365473270416
0: 
0: [Epoch 164]:
0: 	Average train loss: 0.04061
0: 	Average val loss: 0.03929850831627846
0: 	Gradient norm: 0.02509143576025963
0: 	Elapsed time = 0.131 min
0: 	Per-target losses:
0: 		F | train loss: 54.9407293397377 | val loss: 55.90304946899414
0: 		T | train loss: 13.210586370925558 | val loss: 13.270186424255371
0: 		U | train loss: 0.04060731661333218 | val loss: 0.03929850831627846
0: 
0: [Epoch 165]:
0: 	Average train loss: 0.04045
0: 	Average val loss: 0.04078035429120064
0: 	Gradient norm: 0.007296821568161249
0: 	Elapsed time = 0.130 min
0: 	Per-target losses:
0: 		F | train loss: 55.117199254791124 | val loss: 56.255435943603516
0: 		T | train loss: 13.222707407506883 | val loss: 13.347725868225098
0: 		U | train loss: 0.040450600671215295 | val loss: 0.04078035429120064
0: 
0: [Epoch 166]:
0: 	Average train loss: 0.04010
0: 	Average val loss: 0.03936375305056572
0: 	Gradient norm: 0.041666191071271896
0: 	Elapsed time = 0.131 min
0: 	Per-target losses:
0: 		F | train loss: 55.03964773670041 | val loss: 56.342506408691406
0: 		T | train loss: 13.185844438647793 | val loss: 13.358172416687012
0: 		U | train loss: 0.0400989778019589 | val loss: 0.03936375305056572
0: 
0: [Epoch 167]:
0: 	Average train loss: 0.04071
0: 	Average val loss: 0.04026121646165848
0: 	Gradient norm: 0.006731613539159298
0: 	Elapsed time = 0.133 min
0: 	Per-target losses:
0: 		F | train loss: 54.97557894676519 | val loss: 56.114219665527344
0: 		T | train loss: 13.197910917290734 | val loss: 13.306374549865723
0: 		U | train loss: 0.04070842525673128 | val loss: 0.04026121646165848
0: 
0: [Epoch 168]:
0: 	Average train loss: 0.04079
0: 	Average val loss: 0.03953036293387413
0: 	Gradient norm: 0.018829375505447388
0: 	Elapsed time = 0.133 min
0: 	Per-target losses:
0: 		F | train loss: 55.15896521866052 | val loss: 55.804264068603516
0: 		T | train loss: 13.207179086780117 | val loss: 13.353235244750977
0: 		U | train loss: 0.040792451733175444 | val loss: 0.03953036293387413
0: 
0: [Epoch 169]:
0: 	Average train loss: 0.04014
0: 	Average val loss: 0.03938537836074829
0: 	Gradient norm: 0.07239247113466263
0: 	Elapsed time = 0.130 min
0: 	Per-target losses:
0: 		F | train loss: 54.850373988777264 | val loss: 56.23701095581055
0: 		T | train loss: 13.185964053572572 | val loss: 13.300004959106445
0: 		U | train loss: 0.040137726998976456 | val loss: 0.03938537836074829
0: 
0: [Epoch 170]:
0: 	Average train loss: 0.04022
0: 	Average val loss: 0.040206972509622574
0: 	Gradient norm: 0.05746161565184593
0: 	Elapsed time = 0.131 min
0: 	Per-target losses:
0: 		F | train loss: 55.01179452611311 | val loss: 56.365440368652344
0: 		T | train loss: 13.197776108305918 | val loss: 13.389481544494629
0: 		U | train loss: 0.04022318102857646 | val loss: 0.040206972509622574
0: 
0: [Epoch 171]:
0: 	Average train loss: 0.04096
0: 	Average val loss: 0.039156995713710785
0: 	Gradient norm: 0.007693085353821516
0: 	Elapsed time = 0.134 min
0: 	Per-target losses:
0: 		F | train loss: 55.02511232471034 | val loss: 55.78560256958008
0: 		T | train loss: 13.199637356926413 | val loss: 13.305732727050781
0: 		U | train loss: 0.0409599759561174 | val loss: 0.039156995713710785
0: 
0: [Epoch 172]:
0: 	Average train loss: 0.04020
0: 	Average val loss: 0.04159511998295784
0: 	Gradient norm: 0.018150245770812035
0: 	Elapsed time = 0.130 min
0: 	Per-target losses:
0: 		F | train loss: 55.05821343676537 | val loss: 55.95941162109375
0: 		T | train loss: 13.18662888971389 | val loss: 13.348104476928711
0: 		U | train loss: 0.04019724806913963 | val loss: 0.04159511998295784
0: 
0: [Epoch 173]:
0: 	Average train loss: 0.04017
0: 	Average val loss: 0.03947218134999275
0: 	Gradient norm: 0.0074519081972539425
0: 	Elapsed time = 0.132 min
0: 	Per-target losses:
0: 		F | train loss: 55.03083456048059 | val loss: 55.88221740722656
0: 		T | train loss: 13.21821136819831 | val loss: 13.291272163391113
0: 		U | train loss: 0.04017469456326638 | val loss: 0.03947218134999275
0: 
0: [Epoch 174]:
0: 	Average train loss: 0.04035
0: 	Average val loss: 0.03996608033776283
0: 	Gradient norm: 0.010059285908937454
0: 	Elapsed time = 0.132 min
0: 	Per-target losses:
0: 		F | train loss: 55.07290530312655 | val loss: 56.440452575683594
0: 		T | train loss: 13.208169898296374 | val loss: 13.298253059387207
0: 		U | train loss: 0.04034803294454495 | val loss: 0.03996608033776283
0: 
0: [Epoch 175]:
0: 	Average train loss: 0.04035
0: 	Average val loss: 0.03792711719870567
0: 	Gradient norm: 0.04478078708052635
0: 	Elapsed time = 0.133 min
0: 	Per-target losses:
0: 		F | train loss: 54.967134639688204 | val loss: 55.768497467041016
0: 		T | train loss: 13.195409092967866 | val loss: 13.402099609375
0: 		U | train loss: 0.040350726051298205 | val loss: 0.03792711719870567
0: 
0: [Epoch 176]:
0: 	Average train loss: 0.04014
0: 	Average val loss: 0.04100116342306137
0: 	Gradient norm: 0.011462697759270668
0: 	Elapsed time = 0.136 min
0: 	Per-target losses:
0: 		F | train loss: 54.88149665383732 | val loss: 56.35554885864258
0: 		T | train loss: 13.16950045451859 | val loss: 13.358073234558105
0: 		U | train loss: 0.040140562029176166 | val loss: 0.04100116342306137
0: 
0: [Epoch 177]:
0: 	Average train loss: 0.03994
0: 	Average val loss: 0.04014673829078674
0: 	Gradient norm: 0.04415096715092659
0: 	Elapsed time = 0.134 min
0: 	Per-target losses:
0: 		F | train loss: 54.97717279977928 | val loss: 55.88557815551758
0: 		T | train loss: 13.198007380800549 | val loss: 13.314443588256836
0: 		U | train loss: 0.03994472534711814 | val loss: 0.04014673829078674
0: 
0: [Epoch 178]:
0: 	Average train loss: 0.03991
0: 	Average val loss: 0.038424547761678696
0: 	Gradient norm: 0.026478247717022896
0: 	Elapsed time = 0.133 min
0: 	Per-target losses:
0: 		F | train loss: 55.120518887204824 | val loss: 56.232757568359375
0: 		T | train loss: 13.200713994815878 | val loss: 13.302840232849121
0: 		U | train loss: 0.039910533216811414 | val loss: 0.038424547761678696
0: 
0: [Epoch 179]:
0: 	Average train loss: 0.04075
0: 	Average val loss: 0.03900234028697014
0: 	Gradient norm: 0.08859901130199432
0: 	Elapsed time = 0.134 min
0: 	Per-target losses:
0: 		F | train loss: 55.15827651908495 | val loss: 56.24415588378906
0: 		T | train loss: 13.203120365401738 | val loss: 13.47217845916748
0: 		U | train loss: 0.04075281230134392 | val loss: 0.03900234028697014
0: 
0: [Epoch 180]:
0: 	Average train loss: 0.04033
0: 	Average val loss: 0.03976899012923241
0: 	Gradient norm: 0.019321180880069733
0: 	Elapsed time = 0.135 min
0: 	Per-target losses:
0: 		F | train loss: 54.71142274330105 | val loss: 55.803646087646484
0: 		T | train loss: 13.180401266969707 | val loss: 13.19869327545166
0: 		U | train loss: 0.04032992188106565 | val loss: 0.03976899012923241
0: 
0: [Epoch 181]:
0: 	Average train loss: 0.03955
0: 	Average val loss: 0.04061674699187279
0: 	Gradient norm: 0.009312255308032036
0: 	Elapsed time = 0.132 min
0: 	Per-target losses:
0: 		F | train loss: 55.22379152807175 | val loss: 55.91831588745117
0: 		T | train loss: 13.211257144876196 | val loss: 13.312846183776855
0: 		U | train loss: 0.0395493612401356 | val loss: 0.04061674699187279
0: 
0: [Epoch 182]:
0: 	Average train loss: 0.04016
0: 	Average val loss: 0.037780869752168655
0: 	Gradient norm: 0.1794421374797821
0: 	Elapsed time = 0.130 min
0: 	Per-target losses:
0: 		F | train loss: 54.97970543080326 | val loss: 56.27227020263672
0: 		T | train loss: 13.237149777994976 | val loss: 13.34406852722168
0: 		U | train loss: 0.04015605554524051 | val loss: 0.037780869752168655
0: 
0: [Epoch 183]:
0: 	Average train loss: 0.04004
0: 	Average val loss: 0.039699241518974304
0: 	Gradient norm: 0.03946147859096527
0: 	Elapsed time = 0.130 min
0: 	Per-target losses:
0: 		F | train loss: 54.6747602920187 | val loss: 56.135189056396484
0: 		T | train loss: 13.141858208772824 | val loss: 13.326075553894043
0: 		U | train loss: 0.04004219058075102 | val loss: 0.039699241518974304
0: 
0: [Epoch 184]:
0: 	Average train loss: 0.04006
0: 	Average val loss: 0.040154751390218735
0: 	Gradient norm: 0.36260342597961426
0: 	Elapsed time = 0.133 min
0: 	Per-target losses:
0: 		F | train loss: 55.461579007800346 | val loss: 55.84626770019531
0: 		T | train loss: 13.23836758557488 | val loss: 13.355950355529785
0: 		U | train loss: 0.040060637501907026 | val loss: 0.040154751390218735
0: 
0: [Epoch 185]:
0: 	Average train loss: 0.03999
0: 	Average val loss: 0.03974542021751404
0: 	Gradient norm: 0.005601575132459402
0: 	Elapsed time = 0.133 min
0: 	Per-target losses:
0: 		F | train loss: 54.812822281505184 | val loss: 56.35747528076172
0: 		T | train loss: 13.153407032133767 | val loss: 13.203678131103516
0: 		U | train loss: 0.03999125425665896 | val loss: 0.03974542021751404
0: 
0: [Epoch 186]:
0: 	Average train loss: 0.03976
0: 	Average val loss: 0.03840118646621704
0: 	Gradient norm: 0.047560617327690125
0: 	Elapsed time = 0.134 min
0: 	Per-target losses:
0: 		F | train loss: 54.98392914646891 | val loss: 56.245758056640625
0: 		T | train loss: 13.21059815592356 | val loss: 13.472612380981445
0: 		U | train loss: 0.03975505164373514 | val loss: 0.03840118646621704
0: 
0: [Epoch 187]:
0: 	Average train loss: 0.04026
0: 	Average val loss: 0.03948875889182091
0: 	Gradient norm: 0.019417444244027138
0: 	Elapsed time = 0.135 min
0: 	Per-target losses:
0: 		F | train loss: 55.008626445925614 | val loss: 56.216583251953125
0: 		T | train loss: 13.208451948554268 | val loss: 13.452557563781738
0: 		U | train loss: 0.04026125827424936 | val loss: 0.03948875889182091
0: 
0: [Epoch 188]:
0: 	Average train loss: 0.03951
0: 	Average val loss: 0.039526212960481644
0: 	Gradient norm: 0.1771518737077713
0: 	Elapsed time = 0.136 min
0: 	Per-target losses:
0: 		F | train loss: 54.77866907249209 | val loss: 55.041893005371094
0: 		T | train loss: 13.168060837827657 | val loss: 13.177633285522461
0: 		U | train loss: 0.03950576047619543 | val loss: 0.039526212960481644
0: 
0: [Epoch 189]:
0: 	Average train loss: 0.04016
0: 	Average val loss: 0.04017789289355278
0: 	Gradient norm: 0.009757498279213905
0: 	Elapsed time = 0.134 min
0: 	Per-target losses:
0: 		F | train loss: 54.93445740781758 | val loss: 56.51175308227539
0: 		T | train loss: 13.197217522703145 | val loss: 13.440220832824707
0: 		U | train loss: 0.04015835638398229 | val loss: 0.04017789289355278
0: 
0: [Epoch 190]:
0: 	Average train loss: 0.04004
0: 	Average val loss: 0.03835635632276535
0: 	Gradient norm: 0.011598081327974796
0: 	Elapsed time = 0.133 min
0: 	Per-target losses:
0: 		F | train loss: 54.96177152055421 | val loss: 55.40925979614258
0: 		T | train loss: 13.192166009100314 | val loss: 13.18837833404541
0: 		U | train loss: 0.04003856814049218 | val loss: 0.03835635632276535
0: 
0: [Epoch 191]:
0: 	Average train loss: 0.03993
0: 	Average val loss: 0.03948168084025383
0: 	Gradient norm: 0.019799532368779182
0: 	Elapsed time = 0.132 min
0: 	Per-target losses:
0: 		F | train loss: 55.265053831074574 | val loss: 56.25310134887695
0: 		T | train loss: 13.2491683269518 | val loss: 13.433300018310547
0: 		U | train loss: 0.03992902346764485 | val loss: 0.03948168084025383
0: 
0: [Epoch 192]:
0: 	Average train loss: 0.04000
0: 	Average val loss: 0.03846707567572594
0: 	Gradient norm: 0.01932452991604805
0: 	Elapsed time = 0.132 min
0: 	Per-target losses:
0: 		F | train loss: 55.06128571799438 | val loss: 55.82908630371094
0: 		T | train loss: 13.162585538976332 | val loss: 13.270808219909668
0: 		U | train loss: 0.04000061331527535 | val loss: 0.03846707567572594
0: 
0: [Epoch 193]:
0: 	Average train loss: 0.03922
0: 	Average val loss: 0.0392572283744812
0: 	Gradient norm: 0.04864244908094406
0: 	Elapsed time = 0.132 min
0: 	Per-target losses:
0: 		F | train loss: 55.02058671286743 | val loss: 55.996517181396484
0: 		T | train loss: 13.196742083691904 | val loss: 13.376114845275879
0: 		U | train loss: 0.03922161129535054 | val loss: 0.0392572283744812
0: 
0: [Epoch 194]:
0: 	Average train loss: 0.04009
0: 	Average val loss: 0.03976767510175705
0: 	Gradient norm: 0.03397952392697334
0: 	Elapsed time = 0.131 min
0: 	Per-target losses:
0: 		F | train loss: 54.783889477069565 | val loss: 56.495479583740234
0: 		T | train loss: 13.226834025318267 | val loss: 13.371041297912598
0: 		U | train loss: 0.04009327824265439 | val loss: 0.03976767510175705
0: 
0: [Epoch 195]:
0: 	Average train loss: 0.03967
0: 	Average val loss: 0.03881644457578659
0: 	Gradient norm: 0.016902295872569084
0: 	Elapsed time = 0.130 min
0: 	Per-target losses:
0: 		F | train loss: 54.88083733260901 | val loss: 55.563777923583984
0: 		T | train loss: 13.14437651742098 | val loss: 13.276084899902344
0: 		U | train loss: 0.03967458650267502 | val loss: 0.03881644457578659
0: 
0: [Epoch 196]:
0: 	Average train loss: 0.03997
0: 	Average val loss: 0.038423750549554825
0: 	Gradient norm: 0.03401179611682892
0: 	Elapsed time = 0.131 min
0: 	Per-target losses:
0: 		F | train loss: 55.054056590498845 | val loss: 56.34228515625
0: 		T | train loss: 13.236322446106785 | val loss: 13.379639625549316
0: 		U | train loss: 0.039971092463011657 | val loss: 0.038423750549554825
0: 
0: [Epoch 197]:
0: 	Average train loss: 0.03938
0: 	Average val loss: 0.03871000185608864
0: 	Gradient norm: 0.04212731868028641
0: 	Elapsed time = 0.132 min
0: 	Per-target losses:
0: 		F | train loss: 55.0439019008999 | val loss: 55.63441467285156
0: 		T | train loss: 13.200527855713442 | val loss: 13.303508758544922
0: 		U | train loss: 0.0393821202656802 | val loss: 0.03871000185608864
0: 
0: [Epoch 198]:
0: 	Average train loss: 0.03993
0: 	Average val loss: 0.039743125438690186
0: 	Gradient norm: 0.1073504313826561
0: 	Elapsed time = 0.133 min
0: 	Per-target losses:
0: 		F | train loss: 54.85274010222422 | val loss: 55.724552154541016
0: 		T | train loss: 13.19585024717167 | val loss: 13.343256950378418
0: 		U | train loss: 0.03993197099824027 | val loss: 0.039743125438690186
0: 
0: [Epoch 199]:
0: 	Average train loss: 0.03979
0: 	Average val loss: 0.038704149425029755
0: 	Gradient norm: 0.007905903272330761
0: 	Elapsed time = 0.135 min
0: 	Per-target losses:
0: 		F | train loss: 54.92023552596839 | val loss: 56.0957145690918
0: 		T | train loss: 13.166788985826312 | val loss: 13.343803405761719
0: 		U | train loss: 0.03978686435021696 | val loss: 0.038704149425029755
0: 
0: [Epoch 200]:
0: 	Average train loss: 0.03970
0: 	Average val loss: 0.039193980395793915
0: 	Gradient norm: 0.022663958370685577
0: 	Elapsed time = 0.135 min
0: 	Per-target losses:
0: 		F | train loss: 55.06587985629949 | val loss: 55.36860275268555
0: 		T | train loss: 13.191246511709636 | val loss: 13.306628227233887
0: 		U | train loss: 0.039701209289792976 | val loss: 0.039193980395793915
0: 
0: [Epoch 201]:
0: 	Average train loss: 0.03984
0: 	Average val loss: 0.03904399648308754
0: 	Gradient norm: 0.006215584464371204
0: 	Elapsed time = 0.135 min
0: 	Per-target losses:
0: 		F | train loss: 54.97486899880802 | val loss: 55.81135559082031
0: 		T | train loss: 13.218096344719106 | val loss: 13.330766677856445
0: 		U | train loss: 0.03984287781514463 | val loss: 0.03904399648308754
0: 
0: [Epoch 202]:
0: 	Average train loss: 0.03954
0: 	Average val loss: 0.03910871967673302
0: 	Gradient norm: 0.006364949978888035
0: 	Elapsed time = 0.134 min
0: 	Per-target losses:
0: 		F | train loss: 54.947262776922855 | val loss: 56.14280319213867
0: 		T | train loss: 13.184161440819098 | val loss: 13.318242073059082
0: 		U | train loss: 0.03954142674264325 | val loss: 0.03910871967673302
0: 
0: [Epoch 203]:
0: 	Average train loss: 0.03955
0: 	Average val loss: 0.03854913264513016
0: 	Gradient norm: 0.02891617640852928
0: 	Elapsed time = 0.134 min
0: 	Per-target losses:
0: 		F | train loss: 55.15797294858354 | val loss: 56.1901741027832
0: 		T | train loss: 13.219273623298196 | val loss: 13.37446403503418
0: 		U | train loss: 0.03955305832105255 | val loss: 0.03854913264513016
0: 
0: [Epoch 204]:
0: 	Average train loss: 0.03961
0: 	Average val loss: 0.039365533739328384
0: 	Gradient norm: 0.042668502777814865
0: 	Elapsed time = 0.135 min
0: 	Per-target losses:
0: 		F | train loss: 54.737898796392244 | val loss: 56.36464309692383
0: 		T | train loss: 13.159253383653736 | val loss: 13.354422569274902
0: 		U | train loss: 0.03961458804751683 | val loss: 0.039365533739328384
0: 
0: [Epoch 205]:
0: 	Average train loss: 0.03962
0: 	Average val loss: 0.039788153022527695
0: 	Gradient norm: 0.14179715514183044
0: 	Elapsed time = 0.134 min
0: 	Per-target losses:
0: 		F | train loss: 54.98885183204892 | val loss: 56.12526321411133
0: 		T | train loss: 13.212010008177606 | val loss: 13.344441413879395
0: 		U | train loss: 0.03961762343427984 | val loss: 0.039788153022527695
0: 
0: [Epoch 206]:
0: 	Average train loss: 0.03949
0: 	Average val loss: 0.03864168003201485
0: 	Gradient norm: 0.06811779737472534
0: 	Elapsed time = 0.135 min
0: 	Per-target losses:
0: 		F | train loss: 55.062790141386145 | val loss: 55.72474670410156
0: 		T | train loss: 13.214982179495005 | val loss: 13.302848815917969
0: 		U | train loss: 0.03949357184046264 | val loss: 0.03864168003201485
0: 
0: [Epoch 207]:
0: 	Average train loss: 0.03957
0: 	Average val loss: 0.03879508003592491
0: 	Gradient norm: 0.0408039465546608
0: 	Elapsed time = 0.135 min
0: 	Per-target losses:
0: 		F | train loss: 54.76582343330211 | val loss: 56.02070236206055
0: 		T | train loss: 13.1834717616776 | val loss: 13.351869583129883
0: 		U | train loss: 0.03957321117231749 | val loss: 0.03879508003592491
0: 
0: [Epoch 208]:
0: 	Average train loss: 0.03937
0: 	Average val loss: 0.0390721820294857
0: 	Gradient norm: 0.008051995187997818
0: 	Elapsed time = 0.134 min
0: 	Per-target losses:
0: 		F | train loss: 54.931773500744576 | val loss: 56.244293212890625
0: 		T | train loss: 13.190733801725223 | val loss: 13.311230659484863
0: 		U | train loss: 0.03937325475745881 | val loss: 0.0390721820294857
0: 
0: [Epoch 209]:
0: 	Average train loss: 0.03956
0: 	Average val loss: 0.0380965918302536
0: 	Gradient norm: 0.005276586394757032
0: 	Elapsed time = 0.135 min
0: 	Per-target losses:
0: 		F | train loss: 54.960446370672855 | val loss: 56.021724700927734
0: 		T | train loss: 13.224868688108694 | val loss: 13.270807266235352
0: 		U | train loss: 0.03955690941996704 | val loss: 0.0380965918302536
0: 
0: [Epoch 210]:
0: 	Average train loss: 0.03950
0: 	Average val loss: 0.03905043005943298
0: 	Gradient norm: 0.016007835045456886
0: 	Elapsed time = 0.134 min
0: 	Per-target losses:
0: 		F | train loss: 55.10313220477212 | val loss: 55.714900970458984
0: 		T | train loss: 13.189589319185973 | val loss: 13.280176162719727
0: 		U | train loss: 0.03949502312759468 | val loss: 0.03905043005943298
0: 
0: [Epoch 211]:
0: 	Average train loss: 0.03955
0: 	Average val loss: 0.03917773813009262
0: 	Gradient norm: 0.035257674753665924
0: 	Elapsed time = 0.130 min
0: 	Per-target losses:
0: 		F | train loss: 54.91701908025267 | val loss: 56.110809326171875
0: 		T | train loss: 13.17648958836206 | val loss: 13.387085914611816
0: 		U | train loss: 0.03954915212661163 | val loss: 0.03917773813009262
0: 
0: [Epoch 212]:
0: 	Average train loss: 0.03962
0: 	Average val loss: 0.03918734937906265
0: 	Gradient norm: 0.006621422711759806
0: 	Elapsed time = 0.134 min
0: 	Per-target losses:
0: 		F | train loss: 54.93792835080246 | val loss: 55.8138313293457
0: 		T | train loss: 13.175283621878645 | val loss: 13.397780418395996
0: 		U | train loss: 0.039617276257451844 | val loss: 0.03918734937906265
0: 
0: [Epoch 213]:
0: 	Average train loss: 0.03960
0: 	Average val loss: 0.03810204192996025
0: 	Gradient norm: 0.0030157885048538446
0: 	Elapsed time = 0.134 min
0: 	Per-target losses:
0: 		F | train loss: 54.94470021519726 | val loss: 55.709716796875
0: 		T | train loss: 13.181829922878904 | val loss: 13.24264144897461
0: 		U | train loss: 0.039596103620610085 | val loss: 0.03810204192996025
0: 
0: [Epoch 214]:
0: 	Average train loss: 0.03907
0: 	Average val loss: 0.03901553899049759
0: 	Gradient norm: 0.13510273396968842
0: 	Elapsed time = 0.133 min
0: 	Per-target losses:
0: 		F | train loss: 54.836648380055145 | val loss: 56.604705810546875
0: 		T | train loss: 13.196748560909771 | val loss: 13.394997596740723
0: 		U | train loss: 0.03906745154292605 | val loss: 0.03901553899049759
0: 
0: [Epoch 215]:
0: 	Average train loss: 0.03946
0: 	Average val loss: 0.03909347206354141
0: 	Gradient norm: 0.008705484680831432
0: 	Elapsed time = 0.132 min
0: 	Per-target losses:
0: 		F | train loss: 55.05641699053044 | val loss: 55.713294982910156
0: 		T | train loss: 13.228305609517507 | val loss: 13.318120002746582
0: 		U | train loss: 0.039460481637540984 | val loss: 0.03909347206354141
0: 
0: [Epoch 216]:
0: 	Average train loss: 0.03986
0: 	Average val loss: 0.038943588733673096
0: 	Gradient norm: 0.08967982232570648
0: 	Elapsed time = 0.133 min
0: 	Per-target losses:
0: 		F | train loss: 54.85889885328474 | val loss: 56.0651969909668
0: 		T | train loss: 13.156803812915923 | val loss: 13.322603225708008
0: 		U | train loss: 0.039857175403455805 | val loss: 0.038943588733673096
0: 
0: [Epoch 217]:
0: 	Average train loss: 0.03883
0: 	Average val loss: 0.03888963162899017
0: 	Gradient norm: 0.03588976711034775
0: 	Elapsed time = 0.135 min
0: 	Per-target losses:
0: 		F | train loss: 55.07950593767123 | val loss: 56.04832458496094
0: 		T | train loss: 13.23756940764 | val loss: 13.36610221862793
0: 		U | train loss: 0.03882864329171666 | val loss: 0.03888963162899017
0: 
0: [Epoch 218]:
0: 	Average train loss: 0.03932
0: 	Average val loss: 0.03809709474444389
0: 	Gradient norm: 0.046146031469106674
0: 	Elapsed time = 0.132 min
0: 	Per-target losses:
0: 		F | train loss: 54.795549038848186 | val loss: 55.6095085144043
0: 		T | train loss: 13.160052821646989 | val loss: 13.28583812713623
0: 		U | train loss: 0.03931701574390291 | val loss: 0.03809709474444389
0: 
0: [Epoch 219]:
0: 	Average train loss: 0.03945
0: 	Average val loss: 0.03917828947305679
0: 	Gradient norm: 0.06579817831516266
0: 	Elapsed time = 0.134 min
0: 	Per-target losses:
0: 		F | train loss: 55.02250728348262 | val loss: 56.522090911865234
0: 		T | train loss: 13.209525746997125 | val loss: 13.46152400970459
0: 		U | train loss: 0.03944938554854145 | val loss: 0.03917828947305679
0: 
0: [Epoch 220]:
0: 	Average train loss: 0.03915
0: 	Average val loss: 0.038773298263549805
0: 	Gradient norm: 0.008802685886621475
0: 	Elapsed time = 0.135 min
0: 	Per-target losses:
0: 		F | train loss: 54.976830012118654 | val loss: 54.864566802978516
0: 		T | train loss: 13.215330460492302 | val loss: 13.201416969299316
0: 		U | train loss: 0.03914596069587302 | val loss: 0.038773298263549805
0: 
0: [Epoch 221]:
0: 	Average train loss: 0.03972
0: 	Average val loss: 0.03829474002122879
0: 	Gradient norm: 0.07894573360681534
0: 	Elapsed time = 0.130 min
0: 	Per-target losses:
0: 		F | train loss: 54.96666170353264 | val loss: 56.80512237548828
0: 		T | train loss: 13.222790446216704 | val loss: 13.38390064239502
0: 		U | train loss: 0.03971887134622395 | val loss: 0.03829474002122879
0: 
0: [Epoch 222]:
0: 	Average train loss: 0.03942
0: 	Average val loss: 0.037840861827135086
0: 	Gradient norm: 0.005977945867925882
0: 	Elapsed time = 0.135 min
0: 	Per-target losses:
0: 		F | train loss: 54.884497957531686 | val loss: 55.9860725402832
0: 		T | train loss: 13.126159866471097 | val loss: 13.286599159240723
0: 		U | train loss: 0.03941852512571337 | val loss: 0.037840861827135086
0: 
0: [Epoch 223]:
0: 	Average train loss: 0.03915
0: 	Average val loss: 0.0375966876745224
0: 	Gradient norm: 0.1294495165348053
0: 	Elapsed time = 0.130 min
0: 	Per-target losses:
0: 		F | train loss: 54.9239221460679 | val loss: 56.43647003173828
0: 		T | train loss: 13.237980669979596 | val loss: 13.418039321899414
0: 		U | train loss: 0.03914732999290546 | val loss: 0.0375966876745224
0: 
0: [Epoch 224]:
0: 	Average train loss: 0.03877
0: 	Average val loss: 0.039620932191610336
0: 	Gradient norm: 0.047433096915483475
0: 	Elapsed time = 0.134 min
0: 	Per-target losses:
0: 		F | train loss: 54.9378615677087 | val loss: 55.64369583129883
0: 		T | train loss: 13.190016621378213 | val loss: 13.310102462768555
0: 		U | train loss: 0.038766818382351645 | val loss: 0.039620932191610336
0: 
0: [Epoch 225]:
0: 	Average train loss: 0.03961
0: 	Average val loss: 0.038419824093580246
0: 	Gradient norm: 0.011516015976667404
0: 	Elapsed time = 0.132 min
0: 	Per-target losses:
0: 		F | train loss: 54.83108025115 | val loss: 56.20321273803711
0: 		T | train loss: 13.162552462444047 | val loss: 13.30885124206543
0: 		U | train loss: 0.039605389167955016 | val loss: 0.038419824093580246
0: 
0: [Epoch 226]:
0: 	Average train loss: 0.03922
0: 	Average val loss: 0.03865773603320122
0: 	Gradient norm: 0.04492822289466858
0: 	Elapsed time = 0.134 min
0: 	Per-target losses:
0: 		F | train loss: 55.18518152711618 | val loss: 55.9540901184082
0: 		T | train loss: 13.25535625785724 | val loss: 13.292867660522461
0: 		U | train loss: 0.03922021615727724 | val loss: 0.03865773603320122
0: 
0: [Epoch 227]:
0: 	Average train loss: 0.03924
0: 	Average val loss: 0.03889057785272598
0: 	Gradient norm: 0.04086172953248024
0: 	Elapsed time = 0.132 min
0: 	Per-target losses:
0: 		F | train loss: 54.778470984411456 | val loss: 55.96926498413086
0: 		T | train loss: 13.160098330467536 | val loss: 13.368714332580566
0: 		U | train loss: 0.03924043678016954 | val loss: 0.03889057785272598
0: 
0: [Epoch 228]:
0: 	Average train loss: 0.03911
0: 	Average val loss: 0.038065165281295776
0: 	Gradient norm: 0.01410319097340107
0: 	Elapsed time = 0.134 min
0: 	Per-target losses:
0: 		F | train loss: 54.89695812242603 | val loss: 55.37483596801758
0: 		T | train loss: 13.189922324133136 | val loss: 13.307095527648926
0: 		U | train loss: 0.03910946414481461 | val loss: 0.038065165281295776
0: 
0: [Epoch 229]:
0: 	Average train loss: 0.03927
0: 	Average val loss: 0.03865876421332359
0: 	Gradient norm: 0.0132000632584095
0: 	Elapsed time = 0.133 min
0: 	Per-target losses:
0: 		F | train loss: 54.7987183445719 | val loss: 56.44365692138672
0: 		T | train loss: 13.19170268736274 | val loss: 13.310751914978027
0: 		U | train loss: 0.0392732242400425 | val loss: 0.03865876421332359
0: 
0: [Epoch 230]:
0: 	Average train loss: 0.03881
0: 	Average val loss: 0.0387289859354496
0: 	Gradient norm: 0.01125346776098013
0: 	Elapsed time = 0.132 min
0: 	Per-target losses:
0: 		F | train loss: 55.01807004833653 | val loss: 55.389278411865234
0: 		T | train loss: 13.195020049945262 | val loss: 13.314379692077637
0: 		U | train loss: 0.03880946326377165 | val loss: 0.0387289859354496
0: 
0: [Epoch 231]:
0: 	Average train loss: 0.03928
0: 	Average val loss: 0.03858071565628052
0: 	Gradient norm: 0.07602665573358536
0: 	Elapsed time = 0.129 min
0: 	Per-target losses:
0: 		F | train loss: 55.09502019062301 | val loss: 56.241493225097656
0: 		T | train loss: 13.200814946204828 | val loss: 13.312126159667969
0: 		U | train loss: 0.039279328979450655 | val loss: 0.03858071565628052
0: 
0: [Epoch 232]:
0: 	Average train loss: 0.03889
0: 	Average val loss: 0.038348063826560974
0: 	Gradient norm: 0.06960973143577576
0: 	Elapsed time = 0.132 min
0: 	Per-target losses:
0: 		F | train loss: 54.732378843143515 | val loss: 55.74068832397461
0: 		T | train loss: 13.188998606409962 | val loss: 13.373831748962402
0: 		U | train loss: 0.03889231488310913 | val loss: 0.038348063826560974
0: 
0: [Epoch 233]:
0: 	Average train loss: 0.03909
0: 	Average val loss: 0.03909356892108917
0: 	Gradient norm: 0.031481385231018066
0: 	Elapsed time = 0.132 min
0: 	Per-target losses:
0: 		F | train loss: 55.09426564005166 | val loss: 56.712615966796875
0: 		T | train loss: 13.209808077747466 | val loss: 13.3822021484375
0: 		U | train loss: 0.03908882516845049 | val loss: 0.03909356892108917
0: 
0: [Epoch 234]:
0: 	Average train loss: 0.03942
0: 	Average val loss: 0.03822367638349533
0: 	Gradient norm: 0.016248628497123718
0: 	Elapsed time = 0.131 min
0: 	Per-target losses:
0: 		F | train loss: 54.9581591748544 | val loss: 55.830047607421875
0: 		T | train loss: 13.200562658353089 | val loss: 13.164636611938477
0: 		U | train loss: 0.03942490705369015 | val loss: 0.03822367638349533
0: 
0: [Epoch 235]:
0: 	Average train loss: 0.03883
0: 	Average val loss: 0.039069488644599915
0: 	Gradient norm: 0.059944335371255875
0: 	Elapsed time = 0.132 min
0: 	Per-target losses:
0: 		F | train loss: 54.782866223365474 | val loss: 56.19060134887695
0: 		T | train loss: 13.193144988150618 | val loss: 13.428091049194336
0: 		U | train loss: 0.0388304058091538 | val loss: 0.039069488644599915
0: 
0: [Epoch 236]:
0: 	Average train loss: 0.03922
0: 	Average val loss: 0.038342926651239395
0: 	Gradient norm: 0.009584629908204079
0: 	Elapsed time = 0.131 min
0: 	Per-target losses:
0: 		F | train loss: 55.03217070566583 | val loss: 56.196022033691406
0: 		T | train loss: 13.187456290646375 | val loss: 13.424705505371094
0: 		U | train loss: 0.03921679017129796 | val loss: 0.038342926651239395
0: 
0: [Epoch 237]:
0: 	Average train loss: 0.03917
0: 	Average val loss: 0.037951741367578506
0: 	Gradient norm: 0.07184365391731262
0: 	Elapsed time = 0.132 min
0: 	Per-target losses:
0: 		F | train loss: 54.771965337554796 | val loss: 56.04792404174805
0: 		T | train loss: 13.177885823659768 | val loss: 13.284347534179688
0: 		U | train loss: 0.039170334604463425 | val loss: 0.037951741367578506
0: 
0: [Epoch 238]:
0: 	Average train loss: 0.03909
0: 	Average val loss: 0.03841538354754448
0: 	Gradient norm: 0.03264445811510086
0: 	Elapsed time = 0.130 min
0: 	Per-target losses:
0: 		F | train loss: 54.92596867073715 | val loss: 56.36363983154297
0: 		T | train loss: 13.22340517777663 | val loss: 13.378495216369629
0: 		U | train loss: 0.039088783448570454 | val loss: 0.03841538354754448
0: 
0: [Epoch 239]:
0: 	Average train loss: 0.03888
0: 	Average val loss: 0.03861290588974953
0: 	Gradient norm: 0.026803871616721153
0: 	Elapsed time = 0.132 min
0: 	Per-target losses:
0: 		F | train loss: 54.86633473391986 | val loss: 55.85764694213867
0: 		T | train loss: 13.174945490392625 | val loss: 13.31582260131836
0: 		U | train loss: 0.03887728975065963 | val loss: 0.03861290588974953
0: 
0: [Epoch 240]:
0: 	Average train loss: 0.03931
0: 	Average val loss: 0.038369070738554
0: 	Gradient norm: 0.0031749201007187366
0: 	Elapsed time = 0.133 min
0: 	Per-target losses:
0: 		F | train loss: 55.044314526864305 | val loss: 55.772300720214844
0: 		T | train loss: 13.201573699847605 | val loss: 13.252727508544922
0: 		U | train loss: 0.03931148132789728 | val loss: 0.038369070738554
0: 
0: [Epoch 241]:
0: 	Average train loss: 0.03888
0: 	Average val loss: 0.03801592066884041
0: 	Gradient norm: 0.005533875431865454
0: 	Elapsed time = 0.132 min
0: 	Per-target losses:
0: 		F | train loss: 54.991233825683594 | val loss: 56.18937683105469
0: 		T | train loss: 13.211841695448932 | val loss: 13.359843254089355
0: 		U | train loss: 0.03888492870283612 | val loss: 0.03801592066884041
0: 
0: [Epoch 242]:
0: 	Average train loss: 0.03894
0: 	Average val loss: 0.038443904370069504
0: 	Gradient norm: 0.07609724998474121
0: 	Elapsed time = 0.135 min
0: 	Per-target losses:
0: 		F | train loss: 54.979866373053504 | val loss: 56.106773376464844
0: 		T | train loss: 13.209950779358186 | val loss: 13.337959289550781
0: 		U | train loss: 0.038940304249727345 | val loss: 0.038443904370069504
0: 
0: [Epoch 243]:
0: 	Average train loss: 0.03941
0: 	Average val loss: 0.03857446834445
0: 	Gradient norm: 0.01648353412747383
0: 	Elapsed time = 0.136 min
0: 	Per-target losses:
0: 		F | train loss: 54.70537696596724 | val loss: 56.005638122558594
0: 		T | train loss: 13.1468710014723 | val loss: 13.30686092376709
0: 		U | train loss: 0.039414883351029315 | val loss: 0.03857446834445
0: 
0: [Epoch 244]:
0: 	Average train loss: 0.03900
0: 	Average val loss: 0.038118716329336166
0: 	Gradient norm: 0.12360928952693939
0: 	Elapsed time = 0.134 min
0: 	Per-target losses:
0: 		F | train loss: 55.05065526142379 | val loss: 56.01991653442383
0: 		T | train loss: 13.23054089697238 | val loss: 13.381999015808105
0: 		U | train loss: 0.03900014689166891 | val loss: 0.038118716329336166
0: 
0: [Epoch 245]:
0: 	Average train loss: 0.03868
0: 	Average val loss: 0.038510337471961975
0: 	Gradient norm: 0.06666892766952515
0: 	Elapsed time = 0.135 min
0: 	Per-target losses:
0: 		F | train loss: 54.83206805060892 | val loss: 55.82290267944336
0: 		T | train loss: 13.18505346721114 | val loss: 13.292641639709473
0: 		U | train loss: 0.03867878737897355 | val loss: 0.038510337471961975
0: 
0: [Epoch 246]:
0: 	Average train loss: 0.03890
0: 	Average val loss: 0.0378754660487175
0: 	Gradient norm: 0.007843056693673134
0: 	Elapsed time = 0.134 min
0: 	Per-target losses:
0: 		F | train loss: 55.072558251980745 | val loss: 55.93879318237305
0: 		T | train loss: 13.18434151696943 | val loss: 13.384700775146484
0: 		U | train loss: 0.03889956251123912 | val loss: 0.0378754660487175
0: 
0: [Epoch 247]:
0: 	Average train loss: 0.03928
0: 	Average val loss: 0.03814924135804176
0: 	Gradient norm: 0.003756794147193432
0: 	Elapsed time = 0.135 min
0: 	Per-target losses:
0: 		F | train loss: 54.807370923762946 | val loss: 55.894569396972656
0: 		T | train loss: 13.207068029032573 | val loss: 13.316189765930176
0: 		U | train loss: 0.03928051846801425 | val loss: 0.03814924135804176
0: 
0: [Epoch 248]:
0: 	Average train loss: 0.03848
0: 	Average val loss: 0.03857199475169182
0: 	Gradient norm: 0.014988509006798267
0: 	Elapsed time = 0.134 min
0: 	Per-target losses:
0: 		F | train loss: 54.85852679084329 | val loss: 56.074188232421875
0: 		T | train loss: 13.201974687533141 | val loss: 13.346619606018066
0: 		U | train loss: 0.03847733153476974 | val loss: 0.03857199475169182
0: 
0: [Epoch 249]:
0: 	Average train loss: 0.03881
0: 	Average val loss: 0.038016654551029205
0: 	Gradient norm: 0.0028613563627004623
0: 	Elapsed time = 0.134 min
0: 	Per-target losses:
0: 		F | train loss: 54.87413749867435 | val loss: 55.67709732055664
0: 		T | train loss: 13.169588347905362 | val loss: 13.270885467529297
0: 		U | train loss: 0.038808847722761775 | val loss: 0.038016654551029205
0: 
0: [Epoch 250]:
0: 	Average train loss: 0.03920
0: 	Average val loss: 0.03718774393200874
0: 	Gradient norm: 0.12193494290113449
0: 	Elapsed time = 0.135 min
0: 	Per-target losses:
0: 		F | train loss: 55.05887721135066 | val loss: 56.315792083740234
0: 		T | train loss: 13.226083837483264 | val loss: 13.39434814453125
0: 		U | train loss: 0.03919965209127551 | val loss: 0.03718774393200874
0: 
0: [Epoch 251]:
0: 	Average train loss: 0.03880
0: 	Average val loss: 0.03947095200419426
0: 	Gradient norm: 0.0690113976597786
0: 	Elapsed time = 0.130 min
0: 	Per-target losses:
0: 		F | train loss: 54.76518936502448 | val loss: 55.263343811035156
0: 		T | train loss: 13.157107288481424 | val loss: 13.27897834777832
0: 		U | train loss: 0.03879922467422971 | val loss: 0.03947095200419426
0: 
0: [Epoch 252]:
0: 	Average train loss: 0.03932
0: 	Average val loss: 0.03793643042445183
0: 	Gradient norm: 0.009410160593688488
0: 	Elapsed time = 0.136 min
0: 	Per-target losses:
0: 		F | train loss: 54.877931965961714 | val loss: 55.89897918701172
0: 		T | train loss: 13.184299775378197 | val loss: 13.248796463012695
0: 		U | train loss: 0.039322089429152496 | val loss: 0.03793643042445183
0: 
0: [Epoch 253]:
0: 	Average train loss: 0.03876
0: 	Average val loss: 0.038695577532052994
0: 	Gradient norm: 0.08543436974287033
0: 	Elapsed time = 0.131 min
0: 	Per-target losses:
0: 		F | train loss: 55.089433316191936 | val loss: 56.8028564453125
0: 		T | train loss: 13.244971767270188 | val loss: 13.446246147155762
0: 		U | train loss: 0.03875837183443669 | val loss: 0.038695577532052994
0: 
0: [Epoch 254]:
0: 	Average train loss: 0.03889
0: 	Average val loss: 0.03782682493329048
0: 	Gradient norm: 0.008922960609197617
0: 	Elapsed time = 0.133 min
0: 	Per-target losses:
0: 		F | train loss: 54.98517228898959 | val loss: 55.95553207397461
0: 		T | train loss: 13.208313186783597 | val loss: 13.299569129943848
0: 		U | train loss: 0.038888985071988666 | val loss: 0.03782682493329048
0: 
0: [Epoch 255]:
0: 	Average train loss: 0.03905
0: 	Average val loss: 0.037854451686143875
0: 	Gradient norm: 0.00874569732695818
0: 	Elapsed time = 0.133 min
0: 	Per-target losses:
0: 		F | train loss: 54.87080676739033 | val loss: 55.6386604309082
0: 		T | train loss: 13.158244706926302 | val loss: 13.332717895507812
0: 		U | train loss: 0.03904958771398434 | val loss: 0.037854451686143875
0: 
0: [Epoch 256]:
0: 	Average train loss: 0.03888
0: 	Average val loss: 0.038469839841127396
0: 	Gradient norm: 0.06157178804278374
0: 	Elapsed time = 0.134 min
0: 	Per-target losses:
0: 		F | train loss: 54.80948564693399 | val loss: 56.49595260620117
0: 		T | train loss: 13.187890544736009 | val loss: 13.403263092041016
0: 		U | train loss: 0.03887558140164047 | val loss: 0.038469839841127396
0: 
0: [Epoch 257]:
0: 	Average train loss: 0.03877
0: 	Average val loss: 0.03740515559911728
0: 	Gradient norm: 0.009868779219686985
0: 	Elapsed time = 0.136 min
0: 	Per-target losses:
0: 		F | train loss: 54.87197049171137 | val loss: 54.84260559082031
0: 		T | train loss: 13.198243231794953 | val loss: 13.18430233001709
0: 		U | train loss: 0.03876665745318206 | val loss: 0.03740515559911728
0: 
0: [Epoch 258]:
0: 	Average train loss: 0.03896
0: 	Average val loss: 0.039180245250463486
0: 	Gradient norm: 0.02477795071899891
0: 	Elapsed time = 0.132 min
0: 	Per-target losses:
0: 		F | train loss: 54.917412011332104 | val loss: 55.92279052734375
0: 		T | train loss: 13.183372575233426 | val loss: 13.287103652954102
0: 		U | train loss: 0.03895787491012213 | val loss: 0.039180245250463486
0: 
0: [Epoch 259]:
0: 	Average train loss: 0.03870
0: 	Average val loss: 0.03773307427763939
0: 	Gradient norm: 0.01619187742471695
0: 	Elapsed time = 0.132 min
0: 	Per-target losses:
0: 		F | train loss: 54.920092587017905 | val loss: 56.48801803588867
0: 		T | train loss: 13.19759280865009 | val loss: 13.538228988647461
0: 		U | train loss: 0.038703537651451465 | val loss: 0.03773307427763939
0: 
0: [Epoch 260]:
0: 	Average train loss: 0.03883
0: 	Average val loss: 0.036524172872304916
0: 	Gradient norm: 0.006358868442475796
0: 	Elapsed time = 0.131 min
0: 	Per-target losses:
0: 		F | train loss: 54.98341176304882 | val loss: 56.397308349609375
0: 		T | train loss: 13.218347450187304 | val loss: 13.24605655670166
0: 		U | train loss: 0.03882971944548695 | val loss: 0.036524172872304916
0: 
0: [Epoch 261]:
0: 	Average train loss: 0.03891
0: 	Average val loss: 0.039133522659540176
0: 	Gradient norm: 0.009156990796327591
0: 	Elapsed time = 0.130 min
0: 	Per-target losses:
0: 		F | train loss: 54.71209618408756 | val loss: 55.148746490478516
0: 		T | train loss: 13.160335545086753 | val loss: 13.22664737701416
0: 		U | train loss: 0.03890600223178507 | val loss: 0.039133522659540176
0: 
0: [Epoch 262]:
0: 	Average train loss: 0.03864
0: 	Average val loss: 0.038158439099788666
0: 	Gradient norm: 0.017724724486470222
0: 	Elapsed time = 0.131 min
0: 	Per-target losses:
0: 		F | train loss: 54.998459725358366 | val loss: 56.447147369384766
0: 		T | train loss: 13.219711515159089 | val loss: 13.459553718566895
0: 		U | train loss: 0.03863929843369922 | val loss: 0.038158439099788666
0: 
0: [Epoch 263]:
0: 	Average train loss: 0.03913
0: 	Average val loss: 0.03836064785718918
0: 	Gradient norm: 0.014104756526648998
0: 	Elapsed time = 0.133 min
0: 	Per-target losses:
0: 		F | train loss: 54.74563098061678 | val loss: 55.28963851928711
0: 		T | train loss: 13.18448683794807 | val loss: 13.180819511413574
0: 		U | train loss: 0.03912578582156837 | val loss: 0.03836064785718918
0: 
0: [Epoch 264]:
0: 	Average train loss: 0.03875
0: 	Average val loss: 0.038169216364622116
0: 	Gradient norm: 0.012997009791433811
0: 	Elapsed time = 0.132 min
0: 	Per-target losses:
0: 		F | train loss: 54.991575353285846 | val loss: 56.37816619873047
0: 		T | train loss: 13.19256308715268 | val loss: 13.478440284729004
0: 		U | train loss: 0.03874703543892813 | val loss: 0.038169216364622116
0: 
0: [Epoch 265]:
0: 	Average train loss: 0.03858
0: 	Average val loss: 0.03736473619937897
0: 	Gradient norm: 0.005174598656594753
0: 	Elapsed time = 0.134 min
0: 	Per-target losses:
0: 		F | train loss: 54.794716589051674 | val loss: 55.04449462890625
0: 		T | train loss: 13.190111932711364 | val loss: 13.318809509277344
0: 		U | train loss: 0.03857846753629624 | val loss: 0.03736473619937897
0: 
0: [Epoch 266]:
0: 	Average train loss: 0.03891
0: 	Average val loss: 0.03837209194898605
0: 	Gradient norm: 0.005338209215551615
0: 	Elapsed time = 0.133 min
0: 	Per-target losses:
0: 		F | train loss: 55.07050977681018 | val loss: 56.153499603271484
0: 		T | train loss: 13.176886014808897 | val loss: 13.259623527526855
0: 		U | train loss: 0.03890566662695613 | val loss: 0.03837209194898605
0: 
0: [Epoch 267]:
0: 	Average train loss: 0.03851
0: 	Average val loss: 0.03763134777545929
0: 	Gradient norm: 0.017302311956882477
0: 	Elapsed time = 0.131 min
0: 	Per-target losses:
0: 		F | train loss: 54.876073811388665 | val loss: 56.5193977355957
0: 		T | train loss: 13.223786453316114 | val loss: 13.44208812713623
0: 		U | train loss: 0.03851216792959164 | val loss: 0.03763134777545929
0: 
0: [Epoch 268]:
0: 	Average train loss: 0.03880
0: 	Average val loss: 0.03861292079091072
0: 	Gradient norm: 0.13197439908981323
0: 	Elapsed time = 0.131 min
0: 	Per-target losses:
0: 		F | train loss: 54.84851412535792 | val loss: 55.337337493896484
0: 		T | train loss: 13.184984349557178 | val loss: 13.219329833984375
0: 		U | train loss: 0.038797089459197555 | val loss: 0.03861292079091072
0: 
0: [Epoch 269]:
0: 	Average train loss: 0.03894
0: 	Average val loss: 0.03761506453156471
0: 	Gradient norm: 0.18833701312541962
0: 	Elapsed time = 0.130 min
0: 	Per-target losses:
0: 		F | train loss: 54.98977833743548 | val loss: 55.62242126464844
0: 		T | train loss: 13.221006121570708 | val loss: 13.373823165893555
0: 		U | train loss: 0.038941058174315084 | val loss: 0.03761506453156471
0: 
0: [Epoch 270]:
0: 	Average train loss: 0.03900
0: 	Average val loss: 0.03921844810247421
0: 	Gradient norm: 0.1016172245144844
0: 	Elapsed time = 0.131 min
0: 	Per-target losses:
0: 		F | train loss: 54.79632773766151 | val loss: 56.2420768737793
0: 		T | train loss: 13.186208888955786 | val loss: 13.386107444763184
0: 		U | train loss: 0.039004716963182744 | val loss: 0.03921844810247421
0: 
0: [Epoch 271]:
0: 	Average train loss: 0.03857
0: 	Average val loss: 0.03731049597263336
0: 	Gradient norm: 0.008948777802288532
0: 	Elapsed time = 0.127 min
0: 	Per-target losses:
0: 		F | train loss: 54.895970547361074 | val loss: 56.11314010620117
0: 		T | train loss: 13.178143164690804 | val loss: 13.341241836547852
0: 		U | train loss: 0.038571735414174885 | val loss: 0.03731049597263336
0: 
0: [Epoch 272]:
0: 	Average train loss: 0.03840
0: 	Average val loss: 0.03839786723256111
0: 	Gradient norm: 0.013229788281023502
0: 	Elapsed time = 0.131 min
0: 	Per-target losses:
0: 		F | train loss: 55.10550933078403 | val loss: 54.88491439819336
0: 		T | train loss: 13.218543687017794 | val loss: 13.228826522827148
0: 		U | train loss: 0.038401608941107314 | val loss: 0.03839786723256111
0: 
0: [Epoch 273]:
0: 	Average train loss: 0.03865
0: 	Average val loss: 0.03835013881325722
0: 	Gradient norm: 0.006063643842935562
0: 	Elapsed time = 0.131 min
0: 	Per-target losses:
0: 		F | train loss: 54.79340295230641 | val loss: 56.1148681640625
0: 		T | train loss: 13.201515413517326 | val loss: 13.319161415100098
0: 		U | train loss: 0.038647577705965865 | val loss: 0.03835013881325722
0: 
0: [Epoch 274]:
0: 	Average train loss: 0.03887
0: 	Average val loss: 0.03782988712191582
0: 	Gradient norm: 0.10910724848508835
0: 	Elapsed time = 0.131 min
0: 	Per-target losses:
0: 		F | train loss: 54.729507705205165 | val loss: 56.06979751586914
0: 		T | train loss: 13.164428667784817 | val loss: 13.413614273071289
0: 		U | train loss: 0.03886538583835865 | val loss: 0.03782988712191582
0: 
0: [Epoch 275]:
0: 	Average train loss: 0.03846
0: 	Average val loss: 0.03764208033680916
0: 	Gradient norm: 0.01323770172894001
0: 	Elapsed time = 0.130 min
0: 	Per-target losses:
0: 		F | train loss: 54.926364139194405 | val loss: 56.25807189941406
0: 		T | train loss: 13.187023223255554 | val loss: 13.347555160522461
0: 		U | train loss: 0.03846329024137415 | val loss: 0.03764208033680916
0: 
0: [Epoch 276]:
0: 	Average train loss: 0.03910
0: 	Average val loss: 0.03836364299058914
0: 	Gradient norm: 0.025806473568081856
0: 	Elapsed time = 0.129 min
0: 	Per-target losses:
0: 		F | train loss: 54.83153728985678 | val loss: 55.482757568359375
0: 		T | train loss: 13.179860615622404 | val loss: 13.302087783813477
0: 		U | train loss: 0.039101393952358905 | val loss: 0.03836364299058914
0: 
0: [Epoch 277]:
0: 	Average train loss: 0.03860
0: 	Average val loss: 0.0380132682621479
0: 	Gradient norm: 0.06620793044567108
0: 	Elapsed time = 0.131 min
0: 	Per-target losses:
0: 		F | train loss: 54.938393191514514 | val loss: 56.353519439697266
0: 		T | train loss: 13.209695069498606 | val loss: 13.335906982421875
0: 		U | train loss: 0.038600282204164636 | val loss: 0.0380132682621479
0: 
0: [Epoch 278]:
0: 	Average train loss: 0.03819
0: 	Average val loss: 0.03805314749479294
0: 	Gradient norm: 0.0074973395094275475
0: 	Elapsed time = 0.131 min
0: 	Per-target losses:
0: 		F | train loss: 54.9961960736443 | val loss: 55.57286834716797
0: 		T | train loss: 13.214155106522918 | val loss: 13.286794662475586
0: 		U | train loss: 0.03819261905126173 | val loss: 0.03805314749479294
0: 
0: [Epoch 279]:
0: 	Average train loss: 0.03898
0: 	Average val loss: 0.037882667034864426
0: 	Gradient norm: 0.031225459650158882
0: 	Elapsed time = 0.132 min
0: 	Per-target losses:
0: 		F | train loss: 54.65172442267923 | val loss: 55.90697479248047
0: 		T | train loss: 13.174401913293346 | val loss: 13.33134651184082
0: 		U | train loss: 0.038982074547609595 | val loss: 0.037882667034864426
0: 
0: [Epoch 280]:
0: 	Average train loss: 0.03855
0: 	Average val loss: 0.03718031197786331
0: 	Gradient norm: 0.005995904561132193
0: 	Elapsed time = 0.131 min
0: 	Per-target losses:
0: 		F | train loss: 55.04211094368637 | val loss: 56.04290771484375
0: 		T | train loss: 13.190027068643008 | val loss: 13.39935302734375
0: 		U | train loss: 0.03855453014407492 | val loss: 0.03718031197786331
0: 
0: [Epoch 281]:
0: 	Average train loss: 0.03858
0: 	Average val loss: 0.0383458212018013
0: 	Gradient norm: 0.00932078156620264
0: 	Elapsed time = 0.130 min
0: 	Per-target losses:
0: 		F | train loss: 54.98068297718445 | val loss: 55.85193634033203
0: 		T | train loss: 13.195632248442637 | val loss: 13.305549621582031
0: 		U | train loss: 0.03857581943644388 | val loss: 0.0383458212018013
0: 
0: [Epoch 282]:
0: 	Average train loss: 0.03859
0: 	Average val loss: 0.037944644689559937
0: 	Gradient norm: 0.006145117804408073
0: 	Elapsed time = 0.131 min
0: 	Per-target losses:
0: 		F | train loss: 54.715135168705594 | val loss: 56.22218322753906
0: 		T | train loss: 13.220187247608582 | val loss: 13.31887149810791
0: 		U | train loss: 0.03859374623290554 | val loss: 0.037944644689559937
0: 
0: [Epoch 283]:
0: 	Average train loss: 0.03882
0: 	Average val loss: 0.03781278431415558
0: 	Gradient norm: 0.007615945301949978
0: 	Elapsed time = 0.130 min
0: 	Per-target losses:
0: 		F | train loss: 54.90028999294091 | val loss: 55.9248046875
0: 		T | train loss: 13.177394746115844 | val loss: 13.330352783203125
0: 		U | train loss: 0.03882275265536157 | val loss: 0.03781278431415558
0: 
0: [Epoch 284]:
0: 	Average train loss: 0.03854
0: 	Average val loss: 0.03805166482925415
0: 	Gradient norm: 0.027477141469717026
0: 	Elapsed time = 0.130 min
0: 	Per-target losses:
0: 		F | train loss: 54.79820985060472 | val loss: 56.052467346191406
0: 		T | train loss: 13.1571163591756 | val loss: 13.300280570983887
0: 		U | train loss: 0.038537611468480185 | val loss: 0.03805166482925415
0: 
0: [Epoch 285]:
0: 	Average train loss: 0.03866
0: 	Average val loss: 0.03750563785433769
0: 	Gradient norm: 0.022894838824868202
0: 	Elapsed time = 0.131 min
0: 	Per-target losses:
0: 		F | train loss: 55.181717902826506 | val loss: 56.212318420410156
0: 		T | train loss: 13.212131038510423 | val loss: 13.336616516113281
0: 		U | train loss: 0.038660867738103434 | val loss: 0.03750563785433769
0: 
0: [Epoch 286]:
0: 	Average train loss: 0.03860
0: 	Average val loss: 0.03797907009720802
0: 	Gradient norm: 0.012599772773683071
0: 	Elapsed time = 0.133 min
0: 	Per-target losses:
0: 		F | train loss: 54.70132482537317 | val loss: 55.482154846191406
0: 		T | train loss: 13.234690752504099 | val loss: 13.350872039794922
0: 		U | train loss: 0.03859728748374935 | val loss: 0.03797907009720802
0: 
0: [Epoch 287]:
0: 	Average train loss: 0.03832
0: 	Average val loss: 0.03863262012600899
0: 	Gradient norm: 0.009140817448496819
0: 	Elapsed time = 0.131 min
0: 	Per-target losses:
0: 		F | train loss: 54.8949791230767 | val loss: 55.89177322387695
0: 		T | train loss: 13.153233566974622 | val loss: 13.303118705749512
0: 		U | train loss: 0.03832474495052482 | val loss: 0.03863262012600899
0: 
0: [Epoch 288]:
0: 	Average train loss: 0.03870
0: 	Average val loss: 0.03725888952612877
0: 	Gradient norm: 0.02485264092683792
0: 	Elapsed time = 0.131 min
0: 	Per-target losses:
0: 		F | train loss: 54.87041019422436 | val loss: 55.99565124511719
0: 		T | train loss: 13.20634675349585 | val loss: 13.373263359069824
0: 		U | train loss: 0.03870240263472315 | val loss: 0.03725888952612877
0: 
0: [Epoch 289]:
0: 	Average train loss: 0.03860
0: 	Average val loss: 0.03811858594417572
0: 	Gradient norm: 0.08097191900014877
0: 	Elapsed time = 0.131 min
0: 	Per-target losses:
0: 		F | train loss: 54.949776524332314 | val loss: 55.664031982421875
0: 		T | train loss: 13.189194105329557 | val loss: 13.330120086669922
0: 		U | train loss: 0.03860075357138301 | val loss: 0.03811858594417572
0: 
0: [Epoch 290]:
0: 	Average train loss: 0.03865
0: 	Average val loss: 0.03769546002149582
0: 	Gradient norm: 0.0375339537858963
0: 	Elapsed time = 0.131 min
0: 	Per-target losses:
0: 		F | train loss: 54.785472680001234 | val loss: 55.94248580932617
0: 		T | train loss: 13.193969761084647 | val loss: 13.302397727966309
0: 		U | train loss: 0.03865387648917162 | val loss: 0.03769546002149582
0: 
0: [Epoch 291]:
0: 	Average train loss: 0.03876
0: 	Average val loss: 0.03834128752350807
0: 	Gradient norm: 0.053212061524391174
0: 	Elapsed time = 0.128 min
0: 	Per-target losses:
0: 		F | train loss: 54.829213241646194 | val loss: 55.71150588989258
0: 		T | train loss: 13.194994589861702 | val loss: 13.319009780883789
0: 		U | train loss: 0.038763755856595965 | val loss: 0.03834128752350807
0: 
0: [Epoch 292]:
0: 	Average train loss: 0.03878
0: 	Average val loss: 0.03685346990823746
0: 	Gradient norm: 0.020386790856719017
0: 	Elapsed time = 0.132 min
0: 	Per-target losses:
0: 		F | train loss: 54.933087137489835 | val loss: 55.7447509765625
0: 		T | train loss: 13.211717584014478 | val loss: 13.33080005645752
0: 		U | train loss: 0.03878355552168453 | val loss: 0.03685346990823746
0: 
0: [Epoch 293]:
0: 	Average train loss: 0.03809
0: 	Average val loss: 0.03831171989440918
0: 	Gradient norm: 0.18889006972312927
0: 	Elapsed time = 0.131 min
0: 	Per-target losses:
0: 		F | train loss: 54.97159750752859 | val loss: 55.54545593261719
0: 		T | train loss: 13.18044209372404 | val loss: 13.398022651672363
0: 		U | train loss: 0.03808705590463062 | val loss: 0.03831171989440918
0: 
0: [Epoch 294]:
0: 	Average train loss: 0.03868
0: 	Average val loss: 0.037671107798814774
0: 	Gradient norm: 0.03082510083913803
0: 	Elapsed time = 0.131 min
0: 	Per-target losses:
0: 		F | train loss: 54.889909062450286 | val loss: 56.280303955078125
0: 		T | train loss: 13.199075025670668 | val loss: 13.269237518310547
0: 		U | train loss: 0.03867637676216359 | val loss: 0.037671107798814774
0: 
0: [Epoch 295]:
0: 	Average train loss: 0.03838
0: 	Average val loss: 0.03828803077340126
0: 	Gradient norm: 0.01325167901813984
0: 	Elapsed time = 0.132 min
0: 	Per-target losses:
0: 		F | train loss: 54.8776738438671 | val loss: 55.32575607299805
0: 		T | train loss: 13.186195265653446 | val loss: 13.2433443069458
0: 		U | train loss: 0.03837991129960949 | val loss: 0.03828803077340126
0: 
0: [Epoch 296]:
0: 	Average train loss: 0.03839
0: 	Average val loss: 0.03742934763431549
0: 	Gradient norm: 0.14731305837631226
0: 	Elapsed time = 0.131 min
0: 	Per-target losses:
0: 		F | train loss: 54.80593595893135 | val loss: 56.261619567871094
0: 		T | train loss: 13.201451979071846 | val loss: 13.4157133102417
0: 		U | train loss: 0.038386700776030576 | val loss: 0.03742934763431549
0: 
0: [Epoch 297]:
0: 	Average train loss: 0.03878
0: 	Average val loss: 0.038005489856004715
0: 	Gradient norm: 0.006153994705528021
0: 	Elapsed time = 0.132 min
0: 	Per-target losses:
0: 		F | train loss: 54.80368012648363 | val loss: 56.22572708129883
0: 		T | train loss: 13.170044411361488 | val loss: 13.334871292114258
0: 		U | train loss: 0.03877979980537255 | val loss: 0.038005489856004715
0: 
0: [Epoch 298]:
0: 	Average train loss: 0.03833
0: 	Average val loss: 0.037528254091739655
0: 	Gradient norm: 0.006023765075951815
0: 	Elapsed time = 0.133 min
0: 	Per-target losses:
0: 		F | train loss: 54.74740571242113 | val loss: 55.59028244018555
0: 		T | train loss: 13.203794647665585 | val loss: 13.35506820678711
0: 		U | train loss: 0.038331584499230215 | val loss: 0.037528254091739655
0: 
0: [Epoch 299]:
0: 	Average train loss: 0.03860
0: 	Average val loss: 0.03880345821380615
0: 	Gradient norm: 0.01297074370086193
0: 	Elapsed time = 0.131 min
0: 	Per-target losses:
0: 		F | train loss: 55.0389386000137 | val loss: 55.63627624511719
0: 		T | train loss: 13.180713058057414 | val loss: 13.297769546508789
0: 		U | train loss: 0.038604831896149196 | val loss: 0.03880345821380615
0: 
0: [Training] Saved stage checkpoint: /e/project1/cameo/edelkoetter2/work/cameo_cg/local_work/outputs/gb_merged_mirror/checkpoints/stage_adabelief_epoch300.pkl
0: [Training] Saved stage metadata: /e/project1/cameo/edelkoetter2/work/cameo_cg/local_work/outputs/gb_merged_mirror/checkpoints/stage_adabelief_epoch300.meta.pkl
0: [Training] Gradient norms — mean: 4.4902e-02, max: 2.5712e+01, final: 1.2971e-02
0: [Training] Total parameter L2 norm: 2.2021e+01
0: [Training] Stage wall time: 2625.03 s (43.75 min), ~8.75 s/epoch
0: [Training] 
0: Stage complete: train_loss=0.038605, val_loss=0.038803
0: [Training] Saved checkpoint to: /e/project1/cameo/edelkoetter2/work/cameo_cg/local_work/outputs/gb_merged_mirror/exports/ala_2_torque_run_01_checkpoint.pkl
0: [Training] 
0: Complete!
0: [Training]   stage1: {'train_loss': 0.038604831896149196, 'val_loss': 0.03880345821380615, 'grad_norm_mean': 0.0449020423293565, 'grad_norm_final': 0.01297074370086193, 'param_norm': 22.020973205566406, 'stage_wall_seconds': 2625.0316802359885, 'stage_wall_minutes': 43.75052800393314, 'epoch_wall_seconds_est': 8.750105600786629}
0: [Export] Export mode: ML-only (training.export_combined_ml_priors=false)
0: [Export] Exporter setup: ml_model=allegro_cueq_fast cutoff=5.500 species_shape=(2,) unique_species=1 species_min=1 species_max=1 box_shape=(3,) bonds=1 angles=0 rep_pairs=0 dihedrals=0
0: [Export] Export strategy: requested_mode=auto resolved_mode=symbolic species_input_convention=model tp_methods=('naive',) also_export_naive=False
0: [Export] Export trace inputs: pos_shape=(n_atoms, 3) species_shape=(n_atoms,) senders_shape=(max_edges,) receivers_shape=(max_edges,) senders_size=max_edges receivers_size=max_edges
0: [Export] Exported model to: /e/project1/cameo/edelkoetter2/work/cameo_cg/local_work/outputs/gb_merged_mirror/exports/ala_2_torque_run_01.mlir
0: [Export] MLIR: /e/project1/cameo/edelkoetter2/work/cameo_cg/local_work/outputs/gb_merged_mirror/exports/ala_2_torque_run_01.mlir
0: [Export] Parameters: /e/project1/cameo/edelkoetter2/work/cameo_cg/local_work/outputs/gb_merged_mirror/exports/ala_2_torque_run_01_params.pkl
============================================================
Training complete. Log: /e/project1/cameo/edelkoetter2/work/cameo_cg/local_work/outputs/gb_merged_mirror/train_1839413.log
SLURM stdout:   /e/project1/cameo/edelkoetter2/work/cameo_cg/local_work/outputs/gb_merged_mirror/slurm-1839413.out
SLURM stderr:   /e/project1/cameo/edelkoetter2/work/cameo_cg/local_work/outputs/gb_merged_mirror/slurm-1839413.err
============================================================
