num_devices,num_nodes,total_time,throughput_samples_per_sec
1,1,934.628075170,7.22
2,1,519.154113814,13.00
3,1,387.800865151,17.40
4,1,319.253833013,21.14
