num_devices,num_nodes,total_time,throughput_samples_per_sec
1,1,942.674215582,28.64
2,1,590.064445406,45.75
3,1,444.934964757,60.68
4,1,359.163458705,75.17
